keyword,score
r roč,4.00
navrhované čs,4.00
silniční magistrále,4.00
maďarské hranici,4.00
čemuž napomáhalo,4.00
vo voudálosti,4.00
černému moři,4.00
— ať,4.00
půjde-li cesta,4.00
západní evropy,4.00
vý výtak,4.00
průmyslové kruhy,4.00
rumunskou vládou,4.00
černém moři,4.00
jednali prý,4.00
povolaní činitelé,4.00
pozříditi čs,4.00
rychlým tempem,4.00
těchto příprav,4.00
značný vliv,4.00
novém státě,4.00
prospěch států,4.00
hospodář ským,4.00
dů důvojenských,4.00
mnohem větší,4.00
podkar podkarrusi,4.00
ob obbyly,4.00
mobilisace čs,4.00
zorganisoval sily,4.00
takovou energii,4.00
důklad důkladže,4.00
česko-slo česko-slodálnice,4.00
miveřejných prací,4.00
ministerstvy financí,4.00
členy vlády,4.00
podkarpatské rusi,4.00
konce r,4.00
rumun rumunhranici,4.00
prů průmista,4.00
sledovali úmysl,4.00
lyským průsmykem,4.00
maďarsku žádali,4.00
silniční spoje,4.00
vojenská správa,4.00
připojených územích,4.00
karel míša,4.00
usta ustaihned,4.00
vladi vladihájek,4.00
jan veselý,4.00
pomocných orgánů,4.00
vyža vyžapoměry,4.00
vytčený program,4.00
budově rop,4.00
úředníci silničního,4.00
trasu moravskou,4.00
vzdušná spojnice,4.00
topogra topograplánu,4.00
tra traa,4.00
podrobně zkoumána,4.00
polygonu měřila,4.00
sou soudálnice,4.00
přemostění vltavy,4.00
brali zřetel,4.00
mí mía,4.00
českých hranic,4.00
údolím litavy,4.00
slovenské hranici,4.00
dose slováky,4.00
přileži- žitosti,4.00
prohlídky sešli,4.00
zástupci slováku,4.00
slováci žádali,4.00
zá záslovenska,4.00
sou soui,4.00
velké bytče,4.00
terén sesuvný,4.00
velyským průsmykem,4.00
jisté potíže,4.00
dosti těsné,4.00
velikosti poloměru,4.00
upra uprabankety,4.00
střední pás,4.00
mani maniprostor,4.00
provedeni vozovek,4.00
tratích přímých,4.00
veliteli sds,4.00
jednotkových cenách,4.00
prose zavázali,4.00
nejrychleji provedeny,4.00
pěkného počasí,4.00
vypracování generálních,4.00
projektan projektanzadáno,4.00
pozdější dobu,4.00
podrobně pojednáno,4.00
nej nejurychlením,4.00
mezinárodních vztazích,4.00
nej důležitější,4.00
východní marky,4.00
provozovat bag,4.00
všemi přípravami,4.00
troj proudová,4.00
dominika čiperu,4.00
ba ti,4.00
noskovi udělena,4.00
vládním nařízením,4.00
ka kachmel,4.00
důležitá ustanoveni,4.00
generálni ředitel,4.00
výkonnými orgány,4.00
věcech souvisících,4.00
těmito stavbami,4.00
vložena každoročně,4.00
částka vložená,4.00
zapůjče zapůjčegen,4.00
vlastní složky,4.00
— úpravy,4.00
přednosta ii,4.00
rada dr,4.00
žitná ul8,4.00
interesovanými úřady,4.00
dost námitek,4.00
různým překážkám,4.00
jinými městy,4.00
kolíně n,4.00
jednom místě,4.00
dálniční síť,4.00
nesmi stýkat,4.00
jednom bodě,4.00
celém obvodě,4.00
obou směrech,4.00
vozovkami dvouproudovými,4.00
jednoproudových vozovkách,4.00
jiným účelům,4.00
řepo- ryj,4.00
jižně horoměřic,4.00
probíhala sev,4.00
dolních chaber,4.00
svého konce,4.00
trasována posázavím,4.00
velkých nákladů,4.00
valně nelišila,4.00
že- livky,4.00
četná letoviska,4.00
různé památnosti,4.00
hum humskorkov,4.00
zemské hranici,4.00
vzat zřetel,4.00
pravděpodobný vzrůst,4.00
vedené jižně,4.00
věž- nice,4.00
jižně kochanova,4.00
dolním raclavicím,4.00
novým sadům,4.00
dalším průběhů,4.00
traf ili,4.00
jižně vizovic,4.00
ohle ohlena,4.00
ně něobce,4.00
traf ii,4.00
ředi řediupustilo,4.00
uvažovalo trasu,4.00
jižně nižkova,4.00
jižně řečkovic,4.00
jižně ivanovic,4.00
jižně blanska,4.00
jižně hvězdlic,4.00
bran- kovicům,4.00
založeni průmyslu,4.00
srdci republiky,4.00
tvoři spojovací,4.00
jejími západními,4.00
silniční sítě,4.00
nej účelnější,4.00
průmyslový přistav,4.00
nevyhovo nevyhovokomunikačním,4.00
značně obtížnější,4.00
zůstalo zachováno,4.00
ni vyslechl,4.00
jižní trasu,4.00
hlavní důraz,4.00
příliš veliká,4.00
nepostačila šířka,4.00
zúčast zúčastse,4.00
samosprávných svazků,4.00
zmínky zasluhuje,4.00
velkého bočkova,4.00
finanč finančjakož,4.00
hlediska úspornosti,4.00
přípravným pracím,4.00
hum huma,4.00
dovolí počasí,4.00
nezaměstnaní dostali,4.00
gene rálni,4.00
detailní projekty,4.00
moravskoslezský výbor,4.00
podkladě studii,4.00
nebyl úplný,4.00
finančně mnoho,4.00
požadavků hl,4.00
madarsku zůstala,4.00
našem územi,4.00
přirozený důsledek,4.00
konstrukčních prvků,4.00
rozptýlené zpráiy,4.00
soustavně referovali,4.00
sebe navazovali,4.00
oceněn hospodářský,4.00
všech podrobností,4.00
potřebnými částkami,4.00
nejširši veřejnosti,4.00
svou spojku,4.00
vozov vozovbudou,4.00
příčné uspořádáni,4.00
ostrova- čic,4.00
ženijní důstojníky,4.00
prvá skupina,4.00
takové zkušené,4.00
moravské třebové,4.00
urychleně přepracovány,4.00
zvět zvětšířku,4.00
událostmi březnovými,4.00
říšským hranicím,4.00
projektovaných sudetských,4.00
sta statrati,4.00
odklizeni úrody,4.00
vra vraa,4.00
frankfurt n,4.00
má napojit,4.00
veliko veliko1939,4.00
dvou směnách,4.00
ných prací,4.00
tou změnou,4.00
vládou schválen,4.00
ředi ředizměnilo,4.00
národohospodář- skýchorganisací,4.00
uložil jí,4.00
opatřila předpoklady,4.00
horní lideč,4.00
vizovické vrchy,4.00
podrobněji pojednáno,4.00
jejichž činnost,4.00
jakémkoli vztahu,4.00
jejímu využití,4.00
vědeckých ústavů,4.00
svém díle,4.00
vysokých školách,4.00
moravsko-slovenskou hranici,4.00
geologický průzkum,4.00
sázavě uvolil,4.00
čes čestechnice,4.00
profesor geologie,4.00
české technice,4.00
sesuvných terénů,4.00
má miti,4.00
zvláštní pozornost,4.00
pokryvným útvarům,4.00
svážlivým terénům,4.00
místa choulostivá,4.00
zpraco zpracohornin,4.00
dlažební kámen,4.00
svážlivých terénech,4.00
stavebním inženýrem,4.00
geo geoprůzkumem,4.00
dobře vědomo,4.00
zemních staveb,4.00
ústav požádán,4.00
dávat posudky,4.00
polních stanicích,4.00
laboratorních pracích,4.00
vyžaduje potřeba,4.00
zjišťovat složení,4.00
vlastnosti zemin,4.00
podloží náspů,4.00
fysikálni jíl,4.00
objemová váha,4.00
vodonosné vrstvy,4.00
zemních pracích,4.00
jejího okolí,4.00
zkoumají vzorky,4.00
sbírají poznatky,4.00
pohybech půdy,4.00
propustnost zemin,4.00
vnitřní třeni,4.00
vzorky odbirá,4.00
nepo nepostavu,4.00
rozbor trvá,4.00
2—3 týdny,4.00
konstrukci stavebních,4.00
beto betosměsi,4.00
normová zkouška,4.00
chemický rozbor,4.00
měření smršťování,4.00
kamenných součástí,4.00
obje objeváha,4.00
petrografický rozbor,4.00
šlehání pískem,4.00
drtitel- nost,4.00
betonové směsi,4.00
složení směsi,4.00
vodní součinitel,4.00
vliv vlhkosti,4.00
trámců vyříznutých,4.00
různých hloubkách,4.00
le lejara,4.00
vyžádalo rady,4.00
vyvolných ploch,4.00
lesních porostů,4.00
těchto otázkách,4.00
geo geokomitétem,4.00
svazem spolků,4.00
opatřily podklady,4.00
lesními odborníky,4.00
osazo osazobude,4.00
hospodářská střediska,4.00
obecni úřady,4.00
místními zájemci,4.00
národního autoklubu,4.00
his hisarcheologických,4.00
paleonto paleontomineralogických,4.00
národní museum,4.00
zemské museum,4.00
hlášeni nálezů,4.00
příslušných ústavů,4.00
svého uváženi,4.00
stále prohlubována,4.00
dálni dálnipoukázali,4.00
srovnává jedině,4.00
podmínek směrových,4.00
vze- stupnicích,4.00
bezpečně sjízdná,4.00
projekčních prací,4.00
totiž známy,4.00
vypsáni naléhá,4.00
netřeba připomínali,4.00
zkušenostem získaným,4.00
jiných zemích,4.00
proskupina čitá,4.00
dnešního postupu,4.00
přesně znám,4.00
zvlášť obtížné,4.00
ódou smejkalky,4.00
přičné řezy,4.00
pracováno souběžně,4.00
různé šikmosti,4.00
jistý náskok,4.00
zděných opěrách,4.00
jejichž rozměry,4.00
překročení potoka,4.00
sledujících nejhospodárnější,4.00
sklonu přimykali,4.00
větší délky,4.00
srovnávacími kalkulacemi,4.00
zřízení viaduktu,4.00
násyp vysoký,4.00
někdy postačí,4.00
usazených ssutí,4.00
přileh přilehúseku,4.00
zvrstvení skály,4.00
vysokých pilířích,4.00
defi defiřešení,4.00
údoli želivky,4.00
velkou chuchlí,4.00
chuchelským závodištěm,4.00
řešeni viaduktu,4.00
údoli botiče,4.00
soutok berounky,4.00
pří příproposicemi,4.00
jejímž přeloženi,4.00
definitivním ustáleni,4.00
surové hmoty,4.00
těmto číslicím,4.00
celém světě,4.00
jan němeček,4.00
příprav přípravpracemi,4.00
lednu r,4.00
hloubením sond,4.00
odstraňováním pařezů,4.00
těchto dílů,4.00
přípravy konaly,4.00
podrobně pojednává,4.00
roz rozrozepsali,4.00
zadali společně,4.00
světlosti vělši,4.00
zadávají samostatně,4.00
nezapracovanost personálu,4.00
kruhů podnikatelských,4.00
zdárně dokončit,4.00
mostem dorozumění,4.00
lozov- ský,4.00
dělník suchopár,4.00
stavbách zadaných,4.00
deponováni ornice,4.00
vyskytla voda,4.00
neúnosná půda,4.00
snímek lilek,4.00
celkový pohled,4.00
přehledná tabulka,4.00
zadaných pracích,4.00
emil štěrba,4.00
alois ellaš,4.00
odesvůj velký,4.00
pros prostorem,4.00
probaltického moře,4.00
ně něriše,4.00
podnikatelské velkorysosti,4.00
dálnicemi zapojíme,4.00
zápa zápajihem,4.00
severem evropy,4.00
úspěchem vyřešit,4.00
technikové používají,4.00
týče vyřešeni,4.00
pol pollaboratořích,4.00
komunikač komunikačnesnází,4.00
národní cesty,4.00
hospodářský pokrok,4.00
hospodář hospodářpřerodů,4.00
ich stavitelů,4.00
zeměměři čů,4.00
inženýru strojních,4.00
hospodářský vzestup,4.00
přizpůsobené potřebám,4.00
přibýváním obyvatelstva,4.00
nových poměrech,4.00
existence člověka,4.00
hlavni tepnou,4.00
jaromír musil,4.00
lžícové rýpadlo,4.00
nestálosti mezd,4.00
zajistili rychlou,4.00
řádnou orientaci,4.00
službu sanitní,4.00
cestář- štvi,4.00
tratích h,4.00
jihlava— lužná,4.00
podrobně popsáno,4.00
východiska památkových,4.00
turistických misi,4.00
průmyslových podniků,4.00
uvažova uvažovakrajích,4.00
nynějších sítích,4.00
předběžně navrženo,4.00
34—38 přípojek,4.00
projektována přípojka,4.00
spojenou průchodem,4.00
sklad olejů,4.00
zásobu oleje,4.00
dvě kabiny,4.00
jedna veřejná,4.00
pří příjsou,4.00
třech čerpadlech,4.00
odběru pokračuji,4.00
auta vyjíždějící,4.00
auta přijíždějící,4.00
autobusu místního,4.00
zá zá5,4.00
velké velkétypu,4.00
projíždě projížděauta,4.00
cestmistrov- stvi,4.00
organisaci cestmistrovské,4.00
cestmistrovskou službu,4.00
posta postacestmistrovství,4.00
cest- mistr,4.00
motonebo auto,4.00
malá pracovna,4.00
dál- mistrovství,4.00
sušení oděvů,4.00
jedné garáži,4.00
sněžné pluhy,4.00
zametači nářadí,4.00
men menzměnami,4.00
josef hons,4.00
od- počivek,4.00
snaží uvésti,4.00
jed jedkrajů,4.00
oblas oblasdálnice,4.00
veřejných zájmů,4.00
zástupci okresů,4.00
regionalistic- kých,4.00
turistických korporaci,4.00
dány směrnice,4.00
potřebu obyvatel,4.00
veřejný zájem,4.00
motorová vozidla,4.00
nesmi přesáhnout,4.00
dál dáldále,4.00
hum humleží,4.00
auto autodopravu,4.00
správní radě,4.00
dolni královice,4.00
hum hum,4.00
velké bíteše,4.00
okresních silnicích,4.00
dálkové linky,4.00
dál dála,4.00
nalinkami dálnicovými,4.00
vedenými kolmo,4.00
vedené souběžně,4.00
linkami dálnicovými,4.00
dvoj- svátku,4.00
většinu frekvence,4.00
turistickými středisky,4.00
nynějších zákonů,4.00
ať dálkovou,4.00
jakékoliv žádosti,4.00
budoucímu udržováni,4.00
říš říšdálnicich,4.00
hustotou osídleni,4.00
hustota osídleni,4.00
stanicích přestupních,4.00
hustou sítí,4.00
doprav dopravstředisk,4.00
dosilniční řád,4.00
skladiš skladišnářadí,4.00
ob obse,4.00
jednoduchým příchodem,4.00
značně ušetří,4.00
stavebních výdajích,4.00
třetí vozovkou,4.00
zeleném ostrůvků,4.00
vleč vlečvozy,4.00
příchodech zvlášť,4.00
l íni,4.00
sta stamusí,4.00
krátkodobě umístěno,4.00
roz rozzboží,4.00
zčásti zpevněným,4.00
zpevněná krajnice,4.00
rekreačních stredísk,4.00
turistických východísk,4.00
navrhovány obdobně,4.00
přívěsnými vozy,4.00
vyvýšená plocha,4.00
zbývající plochy,4.00
zavazadly cestujících,4.00
ruční vozidla,4.00
obou směrů,4.00
přijezdná cesta,4.00
čisté formě,4.00
rekreačními zařízeními,4.00
zásobováni nekřížilo,4.00
netak nebezpečí,4.00
okrese vlašimském,4.00
okresními úřady,4.00
větším změnám,4.00
ukázala nutnými,4.00
získá získápozemků,4.00
nej nejnejen,4.00
životni osou,4.00
vyrostou osady,4.00
artur ambler,4.00
všech výhodách,4.00
podrobně zkoumáno,4.00
plyno plynopák,4.00
menši spotřebě,4.00
pohodlná stávala,4.00
malá občerstveni,4.00
lesních partiích,4.00
ochraně vozidla,4.00
jisté míry,4.00
pocit bezpečnosti,4.00
mírné rovince,4.00
vystavena větrům,4.00
selháni brzd,4.00
alespoň pohledově,4.00
ľ pramene,4.00
naprosto nutný,4.00
řídký les,4.00
bohatými korunami,4.00
potřebná plocha,4.00
rozhodujícím činitelem,4.00
neumí neumíse,4.00
půdě vyprahlé,4.00
značně vlhké,4.00
stovkám cestujících,4.00
větších rybníků,4.00
dobrý přiklad,4.00
našich tratích,4.00
okol okolhlídaná,4.00
vozidlům nepřístupny,4.00
zřícenin hradů,4.00
příští výstavbu,4.00
stupeň vybaveni,4.00
jaroslav tichý,4.00
stránce udržovací,4.00
pravidelných spoju,4.00
odsun raněných,4.00
poměrně řídké,4.00
udržovací služba,4.00
nadřízené úřady,4.00
přímých návěští,4.00
udržovací službu,4.00
spo sponezbytné,4.00
selektívni návěštění,4.00
nadřízenými úřady,4.00
italských autostrád,4.00
mapočtu vedení,4.00
vlastním personálem,4.00
vykoná vykonázřízenci,4.00
telefonní přístroje,4.00
hlásná služba,4.00
ostatními komunikacemi,4.00
normálních silme,4.00
dopravních nehod,4.00
svou polohou,4.00
zeměmi jižními,4.00
mohli pohybovat,4.00
větší bezpečnost,4.00
časů válečných,4.00
pohra pohrapohoří,4.00
nynější žďár,4.00
stezka haberská,4.00
řece chubě,4.00
stezka linecká,4.00
stezka domažlická,4.00
hrádek chlumec,4.00
deštích dalo,4.00
známý jantar,4.00
ozdobné předměty,4.00
vlast dopravováno,4.00
vzácné látky,4.00
cesty nesloužily,4.00
historický přehled,4.00
evropském obchodě,4.00
abych zdůraznil,4.00
sousedních zemí,4.00
jo joii,4.00
tehdejší dobu,4.00
míru sloužily,4.00
mnohá desítiletí,4.00
zerakouské říše,4.00
jejíž výstavbu,4.00
poli polijednotným,4.00
kulturně vyspělým,4.00
moc státu,4.00
řádných silnicích,4.00
moderní rychlou,4.00
provést zlepšeni,4.00
vyhovovala automobilové,4.00
nachází četnictvo,4.00
stálou službou,4.00
služba má,4.00
trvalá —-,4.00
jiná zařízeni,4.00
sloužících výhradně,4.00
zeleném pásu,4.00
malých budkách,4.00
jejichž distribuci,4.00
vyje možnost,4.00
výhodno vybudovat,4.00
odbočnými kabely,4.00
dálková vedení,4.00
projektovaných sítích,4.00
zapojených paralelně,4.00
selektivním návěštěnim,4.00
zvýšení zaměstnanosti,4.00
povrchem dlážděným,4.00
odpoči- várny,4.00
výborných jakostech,4.00
kamenné součásti,4.00
vytisícivagonová množství,4.00
jakým způsobem,4.00
potřeba vyvíjeti,4.00
mohl očekávati,4.00
vznikla obava,4.00
drátěnou mřížovinu,4.00
přikladu cizího,4.00
příštím období,4.00
delších obdobích,4.00
dodávkových programů,4.00
jakožto celkové,4.00
popodrobně vykalkulované,4.00
určitý dil,4.00
podrobných disposic,4.00
provedeni příkazu,4.00
odvolacích listů,4.00
potvrzeni správnosti,4.00
vyúčtováni dodávek,4.00
stále doplňovaných,4.00
přik dodávce,4.00
připadne závady,4.00
všech zemích,4.00
přináší určitý,4.00
automobilové dráhy,4.00
tře třevyplatili,4.00
odpracovaných směn,4.00
jakém rozsahu,4.00
čisla znamená,4.00
zahájení prací,4.00
mu mupočítali,4.00
'l edy,4.00
zadávání dílů,4.00
zemědělských pracích,4.00
hustě osídlené,4.00
okol okolže,4.00
zjednalo nápravu,4.00
větším počtu,4.00
naopak dospělo,4.00
snaha projevuje,4.00
tabulce uvedené,4.00
mus rozhodnouti,4.00
tří sfér,4.00
stanoviska technického,4.00
zvýšené výlohy,4.00
pracích udržovacích,4.00
jednotném měřítku,4.00
rozdíly způsobují,4.00
poruchy vozovek,4.00
vo vodlážděných,4.00
stro strotak,4.00
60% lepší,4.00
jednotné tloušťce,4.00
několikanásobnou výkonností,4.00
užiti otázkou,4.00
jaké míry,4.00
přerušeni využit,4.00
brzy zastaralým,4.00
méně rentabilním,4.00
zrychleni postupu,4.00
zvý zvývýkonnosti,4.00
novodobé poznatky,4.00
vysokých náspů,4.00
nedutinami způsobovaly,4.00
dlouhodobé ssedání,4.00
nejbližší jámy,4.00
takovým stavivém,4.00
dynamickému namáháni,4.00
napracovním postupem,4.00
jejichž tloušťky,4.00
jinými stroji,4.00
pohybu pohybuse,4.00
plazových pásech,4.00
činnost vykonávající,4.00
planýrovaci pluh,4.00
pohyblivém lešení,4.00
pevněnou radlici,4.00
narýpává zeminu,4.00
místa uloženi,4.00
hospodár hospodárrozvozu,4.00
nádoba otevře,4.00
dale daleje,4.00
větši většizastaralé,4.00
posledních letech,4.00
zřizování vozovek,4.00
mirně zavlhlé,4.00
těžko říci,4.00
jiným podmínkám,4.00
tužší' směsi,4.00
teku tekusměsmi,4.00
většině stavenišť,4.00
určitých opatřeni,4.00
dotakové přesnosti,4.00
důkladnějšího bednění,4.00
třikráte těžší,4.00
proúčelného míchání,4.00
účelem míchačku,4.00
dvojitým bubnem,4.00
nejdůležitějších problémů,4.00
wielandových vložek,4.00
ocelové vložky,4.00
obtíží vyjmout,4.00
řádnou přípravu,4.00
hospodářskými důsledky,4.00
rozhodný činitel,4.00
popráci nezaměstnaným,4.00
podnikatelům zapůjčovalo,4.00
dokončeni prací,4.00
výsledku soutěže,4.00
polní dráhy,4.00
dostatečném počtu,4.00
majetku firem,4.00
přiměře přiměřepočtu,4.00
firma opatři,4.00
jiných pracích,4.00
vyzněl příznivě,4.00
bohužel nesnáze,4.00
ojedinělé zastaralé,4.00
vzoru německém,4.00
jaký nastal,4.00
průměrném rozsahu,4.00
amorti amortijak,4.00
největšího výkonu,4.00
dobrého výsledku,4.00
oba způsoby,4.00
principu dusacím,4.00
vysrovnávací kladinou,4.00
dusaci kladinou,4.00
vibračním srovnavačem,4.00
řady kladiv,4.00
nuceným mícháním,4.00
systému kaiser,4.00
systému dingler,4.00
spodní vrstvu,4.00
horní vrstvu,4.00
sy sysonnthofen,4.00
samostat samostatrozdělovačem,4.00
oprávněno dáti,4.00
zlevněním postupu,4.00
několik administrativních,4.00
finančních dat,4.00
skutečné nezbytnosti,4.00
pečlivě uvažováno,4.00
nemalá pozornost,4.00
vlastni režii,4.00
veřejnou soutěži,4.00
dílech čtyř-,4.00
zadávány samostatně,4.00
hospodářském životě,4.00
zadáváni staveb,4.00
pracovního procesu,4.00
výši mezd,4.00
jejichž výše,4.00
řádný podnikatel,4.00
vývinu mezd,4.00
pojdou nahoru,4.00
netakové risiko,4.00
penězích odhadnout,4.00
fantastických číslic,4.00
přiměřenosti vedla,4.00
jejichž výši,4.00
stavebník vzal,4.00
vzniká nevýhoda,4.00
znovu propočítávat,4.00
zdarem přizpůsobí,4.00
stoupající potřebě,4.00
takovým ztrátám,4.00
zlevněni nabidky,4.00
nenutí počítat,4.00
zvýšeni mezd,4.00
přináší mu,4.00
nezbyt nezbytpodkladem,4.00
těm podnikatelům,4.00
dosti silni,4.00
mohli riskovat,4.00
eventuelní risiko,4.00
eventuálních průtahů,4.00
vzájemné důvěře,4.00
upřímnou vidi,4.00
postranních úmyslů,4.00
druhého těžit,4.00
pevný základ,4.00
prospěch všech,4.00
stránce vše,4.00
zvláštní povaha,4.00
těžiště dozoru,4.00
prov r,4.00
zdrženo událostmi,4.00
odhad výdajů,4.00
dnešních mezd,4.00
místních zdrojů,4.00
nuceny otevřití,4.00
přicházeli stále,4.00
celých výprav,4.00
prohlédli postupně,4.00
odstraněna krompáči,4.00
zeným jedincům,4.00
oprávněný předpoklad,4.00
vážná obava,4.00
jich plně,4.00
dalších dílech,4.00
letošním období,4.00
hlavní příčinu,4.00
těchto okresu,4.00
díl 6/2,4.00
svém okrese,4.00
dělník vydělal,4.00
svém kraji,4.00
cbernachtungs- geld,4.00
vlastním kraji,4.00
zaplacení noclehu,4.00
blízkého okolí,4.00
svého domova,4.00
táborových ubikacích,4.00
zřizování táborů,4.00
prostě prostěpřikrývek,4.00
uzamykatelných skřínek,4.00
baráky zařízeny,4.00
zimní ubytování,4.00
dvojité stěny,4.00
podsami zřídili,4.00
sprchové lázně,4.00
levné stravování,4.00
obytných místnostech,4.00
učiněna zmínka,4.00
zřízených kolísá,4.00
sami obdělati,4.00
věru škoda,4.00
jaroslav payer,4.00
veřejných prací,4.00
obsahem nejrozsáhlejší,4.00
prostavby samé,4.00
podstatně vyvlastňovací,4.00
vyvlast vyvlastnemovitostí,4.00
formě snímku,4.00
pozemnostním archu,4.00
bydliště vlastníka,4.00
katastrální výměru,4.00
vyvlastňovaných pozemcích,4.00
schválených projektů,4.00
vysokém napětí,4.00
právních zúčastni,4.00
podálnicí zabraných,4.00
právní bezpečnost,4.00
nabytým nemovitostem,4.00
pře přese,4.00
podkarpatskou rusí,4.00
druhý nákladnější,4.00
veškerá činnost,4.00
rozvoj motorismu,4.00
hospodářští odborníci,4.00
silniční fond,4.00
motoro motorovozidel,4.00
minerálních olejů,4.00
dovážených pneumatik,4.00
různé poplatky,4.00
úkor motoristů,4.00
nábylo jasno,4.00
reichsauto- bahněn,4.00
předi tiskem,4.00
umožnila rychlé,4.00
vyžadovalo trasu,4.00
regionalistickém ústředí,4.00
složená vesměs,4.00
členu sia,4.00
význam strategický,4.00
vhod vhodmíst,4.00
situačního zaměřeni,4.00
vyvýkupních plánů,4.00
poz pozvýkon,4.00
vhodně volených,4.00
požulových mezníků,4.00
vrcholových úhlů,4.00
definitivně zaměří,4.00
knihy pozemkové,4.00
pozemnostních archů,4.00
seznamy služebnosti,4.00
pozemkovém vlastnictví,4.00
vypracuje žádost,4.00
provedeni knihovního,4.00
jejím příslušenstvím,4.00
topografické mapy,4.00
katastrál katastráloperátech,4.00
nenezajímavé zmínili,4.00
nivelace podélného,4.00
alois eliáš,4.00
zdeněk sehxvarz,4.00
problémy nezamestnanosti,4.00
jed jedtahu,4.00
užhorod —mukačevo—chust,4.00
uskutečněno přímé,4.00
shodně žádají,4.00
dlouhou dobu,4.00
cizině osvědčovala,4.00
dvou letech,4.00
většího pochopení,4.00
vládním usnesením,4.00
budované státem,4.00
maďarsku zůstala,4.00
řekou moravou,4.00
stu stua,4.00
mnoho změn,4.00
ostatních článcích,4.00
hradec králové,4.00
můžeme říci,4.00
srdce přejeme,4.00
velký bočkov,4.00
navrhované dr,4.00
jejž dr,4.00
baťovi záleželo,4.00
obtíži schválen,4.00
podkarpatskou rus,4.00
černé moře,4.00
caři- hrad,4.00
naše silniční,3.92
naše vlast,3.92
naše ůzemi,3.92
změnou poměrů,3.90
míst vhodných,3.90
památkových míst,3.90
místních poměrů,3.90
různých oblasti,3.90
míst místskladiště,3.90
středu míst,3.90
dozájmové oblasti,3.90
větších míst,3.90
rekreačních míst,3.90
daných poměrů,3.90
dnešních poměrů,3.90
vědeckými ústavy,3.89
uvedenými ústavy,3.89
dalšími ústavy,3.89
různými ústavy,3.89
příslušnými ústavy,3.89
vědecké ústavy,3.89
vedeni pupinisovaných,3.89
dálková vedeni,3.89
jedno vedeni,3.89
vedeni směrem,3.89
dopravu silniční,3.88
transitní dopravu,3.88
animálni dopravu,3.88
severně měřina,3.88
severně brankovic,3.88
severně otrokovic,3.88
severně štok,3.88
severně radostina,3.88
severně bačic,3.88
kdežto severně,3.88
výkonných silnic,3.88
jiných silnic,3.88
okresních silnic,3.88
dálkovou dopravu,3.88
zlepšování silnic,3.88
zemi slovenské,3.86
zemi českou,3.86
zemi české,3.86
české země,3.86
jižních zemi,3.86
poje též,3.86
podonuti též,3.86
začal též,3.86
našich zemi,3.86
pražský okruh,3.85
okruh nepřekážel,3.85
zřízen okruh,3.85
masarykův okruh,3.85
zřízení stanic,3.85
stanic autobusových,3.85
telefonních stanic,3.85
následujících stanic,3.85
spojením stanic,3.85
velkých stanic,3.85
blízkých stanic,3.85
služební misto,3.83
jedna služební,3.83
služební místnosti,3.83
silniční materiál,3.83
přímo spojených,3.83
kladeném přímo,3.83
uloženými přímo,3.83
rozpojený materiál,3.83
odváži materiál,3.83
slovenská vláda,3.80
tvaru území,3.80
poměry plavební,3.80
česko-slovenská vláda,3.80
kolem města,3.80
středu města,3.80
založena většinou,3.80
žádala vláda,3.80
vodní poměry,3.80
rozeklaností území,3.80
opatřeny normálie,3.80
připravené normálie,3.80
dlouhé většinou,3.80
mimořádné poměry,3.80
míst míst,3.80
zastavováni autobusů,3.80
délku autobusů,3.80
umisťovány většinou,3.80
cestujicí autobusů,3.80
uvažujeme-li poměry,3.80
zřizováni vozovek,3.80
soupravu pracující,3.80
souprava pracující,3.80
území zřizované,3.80
tehdejší vláda,3.80
naše země,3.78
vedení trasy,3.78
stavební správy,3.78
úřední trasy,3.78
studiích trasy,3.78
ose trasy,3.78
změnu trasy,3.78
vyhledáváni trasy,3.78
skupinu stavební,3.78
stavební program,3.78
stavební kanceláře,3.78
spěje doprava,3.78
tvoři doprava,3.78
navšechny dálnice,3.76
dálnice probíhat,3.76
průchozí dálnice,3.76
dálnice spojovaly,3.76
tělesa dálnice,3.76
trasu dálnice,3.76
vytrasa dálnice,3.76
vystavby dálnice,3.76
niveletě dálnice,3.76
trase dálnice,3.76
postaveni dálnice,3.76
těleso dálnice,3.76
trasou dálnice,3.76
ruchu dálnice,3.76
udržováni dálnice,3.76
oblast dálnice,3.76
typu dálnice,3.76
tělese dálnice,3.76
objekt dálnice,3.76
prochází dálnice,3.76
rozšiřováni dálnice,3.76
dálnice prochází,3.76
vybudujeme-li dálnice,3.76
má dosud,3.75
jít buď,3.75
požadavek nejen,3.75
návrhu žádá,3.75
pražskému návrhu,3.75
prvé řadě,3.75
pražského okruhu,3.75
údolí váhu,3.75
vozovka čtyřproudová,3.75
dosaženo dohody,3.75
největším urychlením,3.75
ládní nařízení,3.75
vládního nařízení,3.75
odboru plk,3.75
údolí sázavy,3.75
větší vzdálenosti,3.75
úředního návrhu,3.75
veškerá údolí,3.75
návrhu podány,3.75
trasu severní,3.75
vyjádřil velmi,3.75
důležitých událostech,3.75
pražském okruhu,3.75
dosud zvykli,3.75
silničních pracích,3.75
úkol postarali,3.75
důležitých fázích,3.75
dosud nejdále,3.75
silničních projektech,3.75
takovém náspu,3.75
údolí šmejkalky,3.75
podloží náspu,3.75
údolí drhlovského,3.75
údolí sedlického,3.75
technicky správné,3.75
ostatní evropou,3.75
úkol budovali,3.75
jest umístěn,3.75
vnější straně,3.75
cestářské služby,3.75
povšechný návrh,3.75
zmíněný návrh,3.75
přehlednosti atd,3.75
ostatní linky,3.75
důležitých dopravních,3.75
rozvážkové služby,3.75
uhlí atd,3.75
ním vozovka,3.75
opět vráti,3.75
vedena příchodná,3.75
vytéž návrh,3.75
nástupišť atd,3.75
tábořišť atd,3.75
určité míry,3.75
udržovací služby,3.75
úkol splnili,3.75
cestující obecenstvo,3.75
účely udržovací,3.75
krátké vzdálenosti,3.75
vládní nařízení,3.75
silničních prací,3.75
převážení stroje,3.75
traktory buď,3.75
německé stroje,3.75
tudíž propracovávali,3.75
velmi těžko,3.75
takové stroje,3.75
menši stroje,3.75
stanovení vedly,3.75
nejen podnikatel,3.75
každá škoda,3.75
straně podnikatelů,3.75
dosaženo jednotnosti,3.75
účely veřejné,3.75
vyvlastňování jest,3.75
velmi nákladné,3.75
fondu opět,3.75
severní trasu,3.75
minulosti vedly,3.75
zahájení stavby,3.73
odprůběhu stavby,3.73
vozovky jednovrstvové,3.73
rozpis stavby,3.73
proud vozovky,3.73
třeti vozovky,3.73
zřízením vozovky,3.73
velké stavby,3.73
zřizování vozovky,3.73
zlevněni stavby,3.73
zahájením stavby,3.73
dvě vozovky,3.73
směru východního,3.73
směru severojižního,3.73
směru jihozápadního,3.73
směru západního,3.73
směru jižně,3.73
každém směru,3.73
směru opačném,3.73
směru šetření,3.73
naše území,3.72
naše poměry,3.72
vadila dopravě,3.71
větší provoz,3.71
mohlo začít,3.71
vykonat prof,3.71
biteš prof,3.71
bučovice prof,3.71
zkoušky štěrku,3.71
zkoušky kostek,3.71
navrhováni mostů,3.71
takových mostů,3.71
mohlo přikročili,3.71
ježto provoz,3.71
většinu dopravy,3.71
dálkové dopravě,3.71
organisaci dopravy,3.71
řízeni dopravy,3.71
řešeni dopravy,3.71
lokální dopravy,3.71
provozovateli dopravy,3.71
prořízeni dopravy,3.71
vyvolává provoz,3.71
průběžné dopravě,3.71
výzkumů prof,3.71
země země,3.71
nerušené dopravy,3.71
předsednictví prof,3.71
silniční dopravy,3.71
dopravní policii,3.70
lato stavba,3.70
výstavbě dálnic,3.70
dopravní důležitost,3.70
velkorysá stavba,3.70
dopravní plán,3.70
organisaci dopravní,3.70
dopravní služba,3.70
provádí stavba,3.70
dopravní spoje,3.70
trať l,3.69
trať íl,3.69
l trať,3.69
trať ii,3.69
konči trať,3.69
trať rozdělí,3.69
určitou trať,3.69
naše dálnice,3.68
jakýchkoli důvodů,3.67
mnichovské dohodě,3.67
hlavního velitelství,3.67
zas pracemi,3.67
povolených prostředků,3.67
jehož působnost,3.67
zem zemúřadů,3.67
novém velitelství,3.67
město prahu,3.67
jediné kříženi,3.67
zimě nesjízdnou,3.67
veškeré odchylky,3.67
ministr krátce,3.67
platnost vlád,3.67
někteří zájemci,3.67
silniční magistrály,3.67
prostoru ohraničeném,3.67
slovenskou hranici,3.67
rozsahu díla,3.67
jedinečného díla,3.67
technický význam,3.67
dolních královic,3.67
měřickými pracemi,3.67
jejího kříženi,3.67
původním projektu,3.67
tabulka 16—19,3.67
antonín sameš,3.67
podrobnějších zkoumání,3.67
způsobem dochází,3.67
zkoumání zemin,3.67
měřeni teploty,3.67
jihočeskými podniky,3.67
zájmu vzhledu,3.67
most mostskupin,3.67
předstihnou výsledky,3.67
mostní skupiny,3.67
mají šikmost,3.67
stránce technické,3.67
generálního projektu,3.67
nejvíce podnikatelů,3.67
nařídil rozdělili,3.67
tunelový most,3.67
protektorátu dochází,3.67
jiných zájmu,3.67
dopravních prostředků,3.67
opravu aut,3.67
křižováni aut,3.67
podřízenými cestáři,3.67
skutečné potřeby,3.67
potřeb obyvatel,3.67
jehož osnově,3.67
jihočeské podniky,3.67
přímé spojeni,3.67
linek předměstských,3.67
linek místních,3.67
mají připojeni,3.67
našich dálnicich,3.67
t vářností,3.67
otázka rychlosti,3.67
vždy zřizována,3.67
krajnicích přípojky,3.67
místních šetřeni,3.67
zřízeni menších,3.67
řada sjezdů,3.67
každém případě,3.67
ochraně vozidel,3.67
zřízeni sjezdů,3.67
vyznačuji hlavně,3.67
rychlost vozidel,3.67
zimě nese,3.67
autobusové spoje,3.67
obchodní cesty,3.67
potřeby vojenské,3.67
státní útvar,3.67
druhé etapě,3.67
menších vzdálenostech,3.67
nelze počítali,3.67
sestaveny výsledky,3.67
připadlo průměrně,3.67
připadne tudiž,3.67
postup prací,3.67
zem zempracích,3.67
takovém případě,3.67
nej kratší,3.67
nejvíce zrychlili,3.67
poloviční dobu,3.67
používá t,3.67
administrativních důvodů,3.67
stránce finanční,3.67
takového podnikáni,3.67
potřeby dneška,3.67
původního projektu,3.67
velkých objektů,3.67
velký počet,3.67
umožněno vydatné,3.67
státní úřad,3.67
vyvlastňovací elaborát,3.67
utvořen t,3.67
přímé dohodě,3.67
měřické elaborát,3.67
rovněž oceňováni,3.67
témuž závěru,3.67
vycházející rovněž,3.67
některých dílech,3.67
slovenskou vládou,3.67
technické směrnice,3.67
českoslovenští technici,3.67
vedeni trasy,3.67
stavbě samé,3.66
stavbě zúčastnilo,3.66
stavbě dohonit,3.66
oblasti dálnice,3.66
rozděleni stanic,3.65
zatím vymezena,3.64
zatím vypracováním,3.64
zatím zminiti,3.64
ponecháme zatím,3.64
zatím známo,3.64
třeba nových,3.64
třeba vysvětleni,3.64
třeba zkoumali,3.64
třeba vycházeli,3.64
třeba prováděli,3.64
třeba spoléhali,3.64
třeba řešili,3.64
třeba přihlíželi,3.64
třeba zamezili,3.64
třeba vyčkali,3.64
postihne třeba,3.64
třeba hledali,3.64
nejen ústavy,3.64
valné části,3.64
jihovýchodní části,3.64
velké části,3.64
několika části,3.64
menši části,3.64
města přímo,3.63
dálnice dopravu,3.63
nejdříve začít,3.62
místní automobilovou,3.62
město brno,3.62
nejdříve přikročilo,3.62
nich zájem,3.62
jižních čech,3.62
čech několik,3.62
místní obyvatelé,3.62
nich ubytovali,3.62
nejdříve dojít,3.62
nich půjde,3.62
stavební materiál,3.61
stavbě dálnic,3.61
celková délka,3.60
nakomunikace měla,3.60
odkládání materiálu,3.60
osamostatněním slovenska,3.60
textovou část,3.60
násypového materiálu,3.60
výkopového materiálu,3.60
dílu 12/1,3.60
jejichž délka,3.60
nebude potřebí,3.60
německé firmy,3.60
vyvlastnění navržených,3.60
západní část,3.60
přípravné práce,3.59
měřické práce,3.59
zemni práce,3.59
práce pokročily',3.59
dnešní práce,3.59
práce zasazovány,3.59
strojní práce,3.59
takové práce,3.59
nastoupeni práce,3.59
práce přípravné,3.59
nosek ujal,3.57
nosek vyžádat,3.57
železnici mělo,3.57
mělo provádět,3.57
stavu silnice,3.57
nichž největšími,3.57
nákladní vozidla,3.57
nákladní rozdělí,3.57
václav nosek,3.57
mělo vzor,3.57
nichž prvý,3.57
váelav nosek,3.57
vedeni vlád,3.56
osmi viaduktů,3.56
konstrukce viaduktů,3.56
velkých viaduktů,3.56
leopold ježek,3.55
stroje pracující,3.55
nutno upravit,3.54
nutno zladil,3.54
nutno rozhodnouti,3.54
nutno pamatovali,3.54
nutno přizpůsobil,3.54
nutno plně,3.54
nutno počítali,3.54
nutno zřídil,3.54
nutno zřídit,3.54
nutno pomýšleli,3.54
nutno přikročit,3.54
nutno čelit,3.54
nutno pracovali,3.54
možno zaústit,3.54
detailů možno,3.54
možno přistoupili,3.54
možno využiti,3.54
možno zřídili,3.54
možno uvěsti,3.54
možno včasné,3.54
možno zachovali,3.54
možno dosáhnouti,3.54
možno dosáhnout,3.54
možno porovnali,3.54
možno předvídat,3.54
ztrátu možno,3.54
stavbou dálnic,3.53
zřizováni vozovky,3.53
trasy dálnice,3.53
současné době,3.53
krátké době,3.53
přítomné době,3.53
dnešní době,3.53
té době,3.53
návrh trasy,3.53
prvé trasy,3.53
autobusová doprava,3.53
doprava vedena,3.53
byly pojaly,3.53
byly provedeny,3.53
byly nesporné,3.53
byly napojeny,3.53
byly stále,3.53
oblasti čech,3.52
též pamatováno,3.52
pamatováno též,3.52
vždy též,3.52
provoz autobusů,3.51
účely dálnice,3.51
výstavbě dálnice,3.51
úrodné kraje,3.50
vylučovala československo,3.50
požadavky vojenské,3.50
bývalém československu,3.50
býti nezbytností,3.50
úseku odůvodňoval,3.50
vídni napojili,3.50
jejichž úkolem,3.50
mostního odděleni,3.50
valiny provedli,3.50
všeobecných zásad,3.50
sloužili všem,3.50
výškově řešen,3.50
husárek prohlédl,3.50
doprovodu gen,3.50
jednotlivých úsecích,3.50
čtyři trati,3.50
okraji chřibů,3.50
pražští projektanti,3.50
stanovenou lhůtou,3.50
něco později,3.50
zes geology,3.50
našim územím,3.50
povahu exteritoriální,3.50
použivaci souhlas,3.50
náobrany gen,3.50
úřadovny gen,3.50
odboru min,3.50
nových úřadoven,3.50
železniční správou,3.50
nepatrné změny,3.50
propracovaná gen,3.50
návrhu okruhu,3.50
ha vyhovoval,3.50
určité vzdálenosti,3.50
nebyla rovnováha,3.50
stavebních nákladu,3.50
navrhlo gen,3.50
ostopovic přešla,3.50
jižně slavkova,3.50
vypracovaného r,3.50
navrhovalo gen,3.50
obměna l,3.50
jimi míjeno,3.50
východními zeměmi,3.50
našich krajů,3.50
předložil gen,3.50
50% levnější,3.50
morava staly,3.50
trati ii,3.50
dalším plánováni,3.50
dostatečné informaci,3.50
čele historie,3.50
plně vědomi,3.50
vzdálenějších krajů,3.50
čipera pamatoval,3.50
doporučoval gen,3.50
6nedělní školeni,3.50
dálnicový hotel,3.50
postupně budovat,3.50
západě povede,3.50
české budějovice,3.50
návrhem gen,3.50
provedena studie,3.50
spojka gen,3.50
odbornými korporacemi,3.50
pokryvných útvarů,3.50
trvat skoro,3.50
myslivec uspořádal,3.50
zřizovány postupně,3.50
blízkých lomů,3.50
betonovou vozovku,3.50
vlastnosti betonu,3.50
obyčejnou drti,3.50
rekreační místa,3.50
ochranu přírody,3.50
odděleni mineralogicko-geologické,3.50
budou miti,3.50
půdorysném oblouku,3.50
požadavky plynulého,3.50
větších mostech,3.50
bezpečné podklady,3.50
skupinu projekční,3.50
těsné spolupráci,3.50
ustavená později,3.50
mostních normálii,3.50
železo železobetonu,3.50
trati praha—humpolec,3.50
jejichž disposici,3.50
jakmile dojde,3.50
pou hvězdonic,3.50
pou borovská,3.50
sedlický potok,3.50
dálnicové trati,3.50
základech skála,3.50
železového betonu,3.50
trati moravské,3.50
řadu později,3.50
vyslovil naději,3.50
budou svědčili,3.50
životaschopnou cestu,3.50
nestačí totiž,3.50
zájmy krajů,3.50
celé trati,3.50
17—18 zásobišť,3.50
budou tankovali,3.50
budově zásobiště,3.50
úzkém styku,3.50
stavebního nářadí,3.50
dělníky specialisty,3.50
rázu krajiny,3.50
udělováni koncesi,3.50
bylo-li zjištěno,3.50
těchto linkách,3.50
druhému řešení,3.50
přípojné muže,3.50
státních silnicích,3.50
hospodářských středisk,3.50
vlaky dálkovými,3.50
jednotné provozování,3.50
linkách dálnicových,3.50
železničních trati,3.50
leží daleko,3.50
zapotřebí zřídili,3.50
třetí vozovku,3.50
stanici prodloužili,3.50
zavazadla cestujících,3.50
přípojkách státničil,3.50
širé trati,3.50
vypracovány návrhy,3.50
značné míry,3.50
samy „ujmuly,3.50
větších odpočívek,3.50
delší jízdou,3.50
nejlépe obrácena,3.50
příštího mostu,3.50
českomoravské vysočině,3.50
samostatná parkoviště,3.50
zpříjemněni jízdy,3.50
žedopravní požadavky,3.50
prostřednictvím tisku,3.50
sousedních cestářů,3.50
nejvýhodněji užije,3.50
službu budou,3.50
značně nižší,3.50
úzké průseky,3.50
sever vedla,3.50
čechy sůl,3.50
provelmi dokonale,3.50
budování pamatoval,3.50
zvláštních objektech,3.50
zásobiště spojená,3.50
zřízenec zásobiště,3.50
zabezpečovací zřídí,3.50
úložném kabelu,3.50
spádem iál,3.50
úsecích sklonitějších,3.50
vyztuženého betonu,3.50
zásilek cementu,3.50
hospodářského významu,3.50
všeobecně shledávalo,3.50
následující tabulce,3.50
tabulky učinili,3.50
přílivu pracovníků,3.50
povděkem přijmouli,3.50
snahy upuštěno,3.50
problém zasahuje,3.50
následek různost,3.50
cementového betonu,3.50
ručně míchaného,3.50
způsobech zpracování,3.50
nesype zemina,3.50
větší vzdálenost,3.50
zeminu rozprostírá,3.50
belgii užívají,3.50
nejdůležitějším strojem,3.50
počáteční obtíže,3.50
otázky zaměstnanosti,3.50
mohly použiti,3.50
velký inventář,3.50
jeden agregát,3.50
jaroslav sikyta,3.50
stavebním nákladu,3.50
přípravě opatřeni,3.50
revisi názoru,3.50
stránce administrativní,3.50
administrativa stavebníka,3.50
pomezi stavebníkem,3.50
snahu navzájem,3.50
snah jeden,3.50
svému provedení,3.50
pozemky stoji,3.50
krajů blízkých,3.50
široká veřejnost,3.50
musi platili,3.50
nemůže pracovat,3.50
možnosti stravováni,3.50
cena snídaně,3.50
vydatnosti stravy,3.50
přespolnímu dělnictvu,3.50
děl dělstarají,3.50
namnoze ohroziti,3.50
pozemkové knize,3.50
číslo parcelní,3.50
situačním plánu,3.50
jeden politický,3.50
oba úkoly,3.50
státního rozpočtu,3.50
velkém rozsahu,3.50
odza ztížené,3.50
vlastni působnosti,3.50
objekty postavené,3.50
zeměměřičtí inženýři,3.50
jejím výsledkem,3.50
resoluce nedbala,3.50
dlouhá léta,3.50
inženýři požadovali,3.50
později prodloužena,3.50
vidíme jasně,3.50
zlině povolení,3.50
řadu let,3.50
jiných státech,3.50
plně zasluhovalo,3.50
úplně dbáno,3.50
stavbě přímo,3.49
stavby dálnice,3.49
trasa výhodná,3.47
celá trasa,3.47
moravská trasa,3.47
projektována trasa,3.47
česko-slovenské území,3.47
těchto místech,3.46
určitých místech,3.46
vzdálenějších místech,3.46
stavba dálnice,3.46
zdražily stavbu,3.45
plánování dálnic,3.45
svoji stavbu,3.45
dopravu nákladní,3.45
zřízeni vsds,3.44
svěřené vsds,3.44
ihned přikročilo,3.44
spojení zlín-žilina,3.44
tehdejšímu vsds,3.44
všechny složky,3.44
veškeré trasy,3.44
všechny alternativy,3.44
všechny námitky,3.44
přijal ihned,3.44
spojení dálkové,3.44
spojení větších,3.44
všechny výdaje,3.44
nás nedovolily,3.44
každá trať,3.44
nás dělaly,3.44
nás prováděnými,3.44
nás upotřebili,3.44
nás používáno,3.44
nás ponechává,3.44
dále vypláceny,3.43
odtud dále,3.43
dále souběžně,3.43
— dále,3.43
zpracováni zemin,3.43
nyní postupně,3.43
viz dále,3.43
pojednejme nyní,3.43
dokonalejší zpracováni,3.43
zpracováni dusáním,3.43
území čech,3.42
česko-slovenské dálnice,3.42
přípojky dálnice,3.42
dálnice mají,3.42
technicky výhodnější,3.42
urychleni práci,3.42
ostatní autobusovou,3.42
druhé straně,3.42
práci zadanou,3.42
postupu práci,3.42
jest otázka,3.42
stavbě dálnice,3.41
německou říši,3.40
týž den,3.40
určením doby,3.40
ředitelství pokyny,3.40
kapacitě provozu,3.40
ředitelství oznámena,3.40
ředitelství zamlouvala,3.40
generální ředitelství,3.40
lze očekávat,3.40
autonomního celku,3.40
lze očekávali,3.40
výletních míst,3.40
uvažované lince,3.40
stanice přestupní,3.40
přestupní stanice,3.40
doplnit stanice,3.40
bezpečnost provozu,3.40
nynější doby,3.40
německé říši,3.40
částečně zhutni,3.40
nových strojů,3.40
vložku lze,3.40
všech strojů,3.40
den vyrobili,3.40
ztrátou celku,3.40
stavbu dálnic,3.40
bývalý stát,3.40
tudíž třeba,3.39
vedeni jednoho,3.39
vedeni min,3.39
generál ing,3.38
rady ing,3.38
rada ing,3.38
radou ing,3.38
generálu ing,3.38
radu ing,3.38
inspektoru ing,3.38
jmenován ing,3.38
přidělen ing,3.38
podnikatel ing,3.38
počet mostů,3.38
obchodní dopravě,3.38
provádějí zkoušky,3.38
mosty nadälnici,3.38
nich jest,3.38
velké mosty,3.38
stavbě mostů,3.37
země čechy,3.36
nebude dálnice,3.36
stavbou dálnice,3.34
zároveň stanoveno,3.33
mostní technici,3.33
umožněno spojeni,3.33
provádějí podnikatelé,3.33
někteří podnikatelé,3.33
technický postup,3.33
silnici černovice—-bukurešť,3.33
politické jednotnosti,3.33
znojmo měřila,3.33
zástřizly- slov,3.33
musíme předpokládat,3.33
návedena téměř,3.33
obcemi troubsko,3.33
jiných částech,3.33
alternativních spojů,3.33
rámci úpravy,3.33
úplnost uvádím,3.33
styk geologa,3.33
dělají sondy,3.33
technických zpráv,3.33
dose jim,3.33
odbory činnosti,3.33
františek schumandl,3.33
tabulka 20—21,3.33
budoucnosti projekty,3.33
viadukty označujeme,3.33
brzy nato,3.33
střední evropě,3.33
hospodářsky významný,3.33
tabulka 22—24,3.33
dílu 11/2,3.33
skladiště olejů,3.33
musí miti,3.33
skladiště cestářského,3.33
sanitní místnost,3.33
služební byty,3.33
velkého meziříčí,3.33
umožňuji zastávkami,3.33
autobusy místními,3.33
příjezdné cestě,3.33
staly železnice,3.33
dokonalým zařízením,3.33
vozidlo cestmistra,3.33
účelnosti ruční,3.33
hospodárnější škrabáky,3.33
místo vyklopeni,3.33
různých staveništích,3.33
používali míchačky,3.33
srovnáni podkladu,3.33
díl 11/1,3.33
spíše nedostatek,3.33
těmto dělníkům,3.33
deštivém dni,3.33
zajištění nepřetržité,3.33
vyhotoviti geometrické,3.33
úpravy nemohly,3.33
spravedlivě rozdělena,3.33
budoucnu povedou,3.33
normálie byly,3.33
okresní silnice,3.32
nichž každá,3.32
ostatních dálnicích,3.31
našich dálnicích,3.31
říšských dálnicích,3.31
německých dálnicích,3.31
zatím nařídil,3.31
třeba postup,3.31
ježek škpt,3.30
vdilu8/l viadukt,3.30
umístěny většinou,3.30
stavbou mohlo,3.30
místní šetřeni,3.29
stavby viaduktů,3.29
trať iii,3.29
přik tomu,3.29
kteří dali,3.29
tomu přistoupily,3.29
určeni oceli,3.29
jakost oceli,3.29
tomu účelu,3.29
čemž úměrně,3.29
čemž číslováni,3.29
kteří požadovali,3.29
výstavba dálnic,3.28
mistni doprava,3.28
technicky byly,3.28
prona moravě,3.27
moravě stanoveny,3.27
praze slovenském,3.26
praze předloží,3.26
praze přestěhovalo,3.26
praze ii,3.26
projekt dálnice,3.26
úsecích dálnice,3.26
dálnice vůbec,3.26
nadjezdů dálnice,3.26
trati dálnice,3.26
česká dálnice,3.26
václava noska,3.25
okruhu budou,3.25
roce nepoužije,3.25
návrh gen,3.25
tudíž vyřešeno,3.25
slováky dohodnuto,3.25
městem prahou,3.25
umístěni parkovišť,3.25
praha- humpolec,3.25
celkové délce,3.25
údolí blaníce,3.25
délce 450m,3.25
místností správce,3.25
mimoto jest,3.25
úřadů atd,3.25
severní kraje,3.25
dovozu zboží,3.25
konstrukční ocel,3.25
svědomitost dělníků,3.25
jednak škrabáky,3.25
větší šířce,3.25
stejně účinné,3.25
jelikož stroje,3.25
291/1938 sb,3.25
doa zmodernisována,3.25
tvrdého kamene,3.25
jednak události,3.25
neboť viděli,3.25
státní silnice,3.24
vozovky mostu,3.23
stavby nadjezdů,3.23
jelikož vozovky,3.23
jež činily,3.23
jež svedou,3.23
jež vedla,3.23
jež šly,3.23
jež budujeme,3.23
jež běží,3.23
trasa dálnice,3.23
zvláště vosk,3.22
dopravy gen,3.21
dělat zkoušky,3.21
dopravě osob,3.21
stávající provoz,3.21
jelikož zkoušky,3.21
mohlo přispět,3.21
stavbu dálnice,3.21
tudiž možno,3.21
probíhala záp,3.20
jimiž máji,3.20
praha—jihlava zahájena,3.20
všech čerpadel,3.20
velkolepé dílo,3.20
dálnici přivede,3.19
dálnici vratislav—vidců,3.19
dálnici odebírají,3.19
dona dálnici,3.19
učinili dálnici,3.19
dálnici shrnouti,3.19
dálnici vznik,3.19
dálnici zprostředkovali,3.19
naší dálnici,3.19
dálnici napojil,3.19
mimo trať,3.19
slovenské hranice,3.18
nýbrž seznali,3.18
nýbrž ohraničeni,3.18
vedly dále,3.18
dále jest,3.18
zastávek autobusů,3.17
silnice měla,3.17
evropského prostoru,3.17
ministr gen,3.17
listopadu dostavili,3.17
potřeby gen,3.17
připojeni prahy,3.17
součásti prahy,3.17
obtížném terénu,3.17
dokončena zároveň,3.17
vypracováni projektu,3.17
průběh teploty,3.17
podnikáni slouží,3.17
autobusovou stanici,3.17
autobusové stanici,3.17
zástupci obci,3.17
všichni cestáři,3.17
druhy objektů,3.17
hlavně cement,3.17
závěru rozhodnutím,3.17
jimž vzdorovali,3.17
americe obvyklý,3.17
nelze zjistili,3.17
služební telefon,3.17
stavbu mostů,3.16
určité lince,3.15
částečně opět,3.15
ježto jde,3.14
hoze kterých,3.14
zatím cement,3.14
silnice mělo,3.14
části trati,3.14
německu vypočítali,3.13
těch místech,3.13
nejdříve započato,3.12
praha jihlava',3.12
praha —jihlava,3.12
ihned stanoveno,3.11
brajle jakož,3.10
měla vést,3.10
trati iii,3.10
část trati,3.10
každé firmy,3.10
předběžné práce,3.09
obdobné práce,3.09
stavbu zatím,3.09
nimiž dálnice,3.09
stane dálnice,3.09
zastávky autobusů,3.09
postup práci,3.08
buď odbočkou,3.08
stavbou započato,3.08
vozovka musí,3.08
jistě vedena,3.08
kromě technického,3.08
lil obr,3.08
¬ obr,3.08
posti- obr,3.08
r obr,3.08
spojení místní,3.07
polovině vozovky,3.07
km provádí,3.06
km připadne,3.06
brno dále,3.05
nejdříve práci,3.04
poslední době,3.03
zimu byly,3.03
mosty třeba,3.01
praze plk,3.01
šířku dálnice,3.01
státní silnici,3.00
čipera vládě,3.00
jiní odbornici,3.00
prováděni výzkumu,3.00
některých případech,3.00
stanovena zásada,3.00
celý rok,3.00
stezky upraveny,3.00
nabídkách počítáno,3.00
táborech umyvárny,3.00
příjmy nestačily,3.00
března t,3.00
nichž lze,2.97
trasa pozměněna,2.97
města prahy,2.97
viadukt výhodnější,2.97
případně mohlo,2.96
místní autobusy,2.96
dálnice mohla,2.96
vsds rozhodlo,2.94
zatím viadukt,2.94
dálnici atd,2.94
provedeno vyvlastnění,2.93
počátku nebude,2.93
kdyby firmy,2.93
vyvlastnění navržené,2.93
nyní zadány,2.93
košic dále,2.93
práce spojené,2.93
poloviční šířce,2.92
odpovědnosti těch,2.92
generálním ředitelství,2.90
jelikož stanice,2.90
jež mají,2.90
délka zastávky,2.89
trasa vede,2.87
dopravní úseky,2.87
dálnici připadlo,2.86
dříve gen,2.83
plánu dříve,2.83
jež měla,2.83
silnice nebyly,2.82
měla ovšem,2.80
moravě byly,2.80
proti tomu,2.79
slovenska hranice,2.78
javorníky měla,2.77
neboť původně,2.75
372/1938 sb,2.75
úprava staveniště,2.75
případně cestáře,2.75
neboť souvisí,2.75
jemuž připadá,2.75
stanoví stát,2.73
jež budou,2.73
druhu byly,2.73
zvláště cementu,2.72
zejména viaduktů,2.71
kromě nich,2.71
důsledku vydáni,2.70
lom ovšem,2.70
staveništi míchačka,2.70
dálnici započato,2.69
zlína dále,2.68
brně vrch,2.67
blízkosti prahy,2.67
nejistotě vzhledem,2.67
lužné rozdělena,2.67
úvahu zejména,2.66
škpt žen,2.64
dálnici dále,2.62
nás zejména,2.60
jihlava zástřizly,2.58
neboť dělnictvo,2.58
dálnici současně,2.53
důvodu uvedeného,2.45
čechách nebylo,2.29
německu obr,2.21
dálnic,1.95
naše,1.92
oblasti,1.90
poměrů,1.90
míst,1.90
ústavy,1.89
vedeni,1.89
severně,1.88
dopravu,1.88
silnic,1.88
země,1.86
zemi,1.86
též,1.86
okruh,1.85
stanic,1.85
přímo,1.83
materiál,1.83
služební,1.83
města,1.80
území,1.80
poměry,1.80
normálie,1.80
většinou,1.80
autobusů,1.80
zřizováni,1.80
rozděleni,1.80
pracující,1.80
ježek,1.80
vláda,1.80
trasy,1.78
stavební,1.78
doprava,1.78
dálnice,1.76
25 dálnice,1.76
ostatní,1.75
výstavbě,1.75
plk,1.75
severní,1.75
údolí,1.75
nařízení,1.75
návrhu,1.75
okruhu,1.75
vzdálenosti,1.75
vedena,1.75
velmi,1.75
úkol,1.75
dosud,1.75
návrh,1.75
prvé,1.75
okresní,1.75
náspu,1.75
urychlením,1.75
silničních,1.75
vozovka,1.75
cestující,1.75
straně,1.75
atd,1.75
autobusová,1.75
buď,1.75
vedly,1.75
účely,1.75
služby,1.75
stroje,1.75
tudíž,1.75
dosaženo,1.75
každá,1.75
technicky,1.75
důležitých,1.75
určité,1.75
jest,1.75
1939 jest,1.75
nejen,1.75
opět,1.75
leopold,1.75
vozovky,1.73
stavby,1.73
směru,1.73
mohlo,1.71
zkoušky,1.71
prof,1.71
dopravy,1.71
mostů,1.71
dopravě,1.71
provoz,1.71
dopravní,1.70
stavba,1.70
trať,1.69
trať 111,1.69
trať 1,1.69
obchodní,1.67
česko-slovenské,1.67
vlád,1.67
postup,1.67
ministr,1.67
kratší,1.67
prahu,1.67
velitelství,1.67
jehož,1.67
technici,1.67
sameš,1.67
prostoru,1.67
připadlo 2,1.67
nařídil,1.67
kříženi,1.67
vozidel,1.67
stanoveno,1.67
těch,1.67
mají,1.67
důvodů,1.67
druhé,1.67
poloviční,1.67
projektu,1.67
výhodnější,1.67
elaborát,1.67
díla,1.67
zároveň,1.67
pracemi,1.67
závěru,1.67
zkoumání,1.67
objektů,1.67
výsledky,1.67
provádějí,1.67
teploty,1.67
spojeni,1.67
technické,1.67
mostní,1.67
pamatováno,1.67
potřeb,1.67
případě,1.67
most,1.67
700 t,1.67
technický,1.67
zem,1.67
hlavně,1.67
potřeby,1.67
přípojky,1.67
aut,1.67
5 t,1.67
dohodě,1.67
podniky,1.67
17 linek,1.67
státní,1.67
menších,1.67
autobusovou,1.67
autobusové,1.67
dálnicich,1.67
umožněno,1.67
královic,1.67
sjezdů,1.67
počet,1.67
cestáři,1.67
vždy,1.67
zájmu,1.67
šetřeni,1.67
nejvíce,1.67
otázka,1.67
rovněž,1.67
nelze,1.67
tudiž,1.67
veškeré,1.67
finanční,1.67
podnikáni,1.67
některých,1.67
zimě,1.67
někteří,1.67
podnikatelé,1.67
prostředků,1.67
dochází,1.67
magistrály,1.67
slovenskou,1.67
16—19,1.67
stavbě,1.66
stavbě 77,1.66
zatím,1.64
třeba,1.64
části,1.64
čech,1.62
brno 27,1.62
brno,1.62
místní,1.62
nich,1.62
nejdříve,1.62
část,1.60
slovenska,1.60
iii,1.60
měla,1.60
délka,1.60
12/1,1.60
nebude,1.60
materiálu,1.60
firmy,1.60
vyvlastnění,1.60
práce,1.59
stavbou,1.58
mělo,1.57
silnice,1.57
nosek,1.57
nichž,1.57
nákladní,1.57
viaduktů,1.56
10 viaduktů,1.56
22 viaduktů,1.56
nutno,1.54
možno,1.54
době,1.53
byly,1.53
číslo 22,1.50
československu,1.50
povolení,1.50
přispět,1.50
skoro,1.50
hospodářských,1.50
husárek,1.50
gen,1.50
valiny,1.50
vést,1.50
železniční,1.50
veřejnost,1.50
souhlas,1.50
povede,1.50
levnější,1.50
provedena,1.50
úkoly,1.50
dokonale,1.50
později,1.50
působnosti,1.50
odděleni,1.50
min,1.50
stavebního,1.50
vrch,1.50
škpt,1.50
útvarů,1.50
odbornici,1.50
zjistili,1.50
povahu,1.50
12 česká,1.50
slouží,1.50
betonu,1.50
lhůtou,1.50
disposici,1.50
provozování,1.50
našim,1.50
inženýři,1.50
původně,1.50
jednoho,1.50
dokončena,1.50
4 let,1.50
rozpočtu,1.50
následující,1.50
úřadoven,1.50
upraveny,1.50
projekční,1.50
sikyta 43,1.50
požadavky,1.50
počítáno,1.50
1 ha,1.50
generálním,1.50
blaníce,1.50
slavkova,1.50
okraji,1.50
přešla,1.50
trati,1.50
proti,1.50
trati 11,1.50
obměna,1.50
českomoravské,1.50
čipera,1.50
hospodářského,1.50
úřadů,1.50
trati 1,1.50
pozměněna,1.50
jakmile,1.50
úsecích 13,1.50
kraje,1.50
plánování,1.50
tisku,1.50
nestačí,1.50
budou,1.50
školeni,1.50
následek,1.50
projektanti,1.50
vídni,1.50
započato,1.50
projekt,1.50
vědomi,1.50
průběh,1.50
jemuž,1.50
plánováni,1.50
druhy,1.50
plánu,1.50
geology,1.50
souvisí,1.50
myslivec,1.50
spolupráci,1.50
návrhy,1.50
úkolem,1.50
styku,1.50
zpracování,1.50
rozhodlo,1.50
cementu,1.50
ochranu,1.50
krajiny,1.50
otázky,1.50
korporacemi,1.50
výletních,1.50
čechy,1.50
výzkumu,1.50
mostech,1.50
oblouku,1.50
poslední,1.50
15 osob,1.50
vyřešeno,1.50
nadjezdů,1.50
zimu,1.50
výškově,1.50
delší,1.50
prováděni,1.50
zjištěno,1.50
jeden,1.50
rozhodnutím,1.50
hvězdonic,1.50
zadány,1.50
borovská,1.50
namnoze,1.50
skála,1.50
provedení,1.50
samy,1.50
sloužili,1.50
všeobecných,1.50
zvláštních,1.50
objekty,1.50
býti,1.50
tabulky,1.50
00 mostu,1.50
30 nadjezdů,1.50
morava,1.50
přípravě,1.50
mostních,1.50
administrativní,1.50
mimo,1.50
budovat,1.50
zásobiště,1.50
parkoviště,1.50
odpočívek,1.50
zásada,1.50
muže,1.50
cestáře,1.50
dělníky,1.50
umyvárny,1.50
byty,1.50
celý,1.50
krajů,1.50
stanovena,1.50
38 linkách,1.50
leží,1.50
státních,1.50
linkách,1.50
jízdy,1.50
dálkovými,1.50
počáteční,1.50
mistni,1.50
koncesi,1.50
spádem,1.50
úsecích,1.50
dálnicový,1.50
obyčejnou,1.50
přípojkách,1.50
bezpečné,1.50
stanici,1.50
zapotřebí,1.50
zavazadla,1.50
vůbec,1.50
nejlépe,1.50
snahy,1.50
potok,1.50
blízkosti,1.50
průseky,1.50
úseku,1.50
zřídí,1.50
mohly,1.50
10 cestářů,1.50
rok,1.50
východními,1.50
cestu,1.50
děl,1.50
historie,1.50
umístěny,1.50
zásobišť,1.50
kabelu,1.50
možnosti,1.50
užije,1.50
mimoto,1.50
cement,1.50
řešení,1.50
velkém,1.50
nebyla,1.50
nižší,1.50
jelikož,1.50
pracovníků,1.50
vidíme,1.50
vozovku,1.50
ručně,1.50
úvahu,1.50
zemina,1.50
jimi,1.50
rozprostírá,1.50
strojem,1.50
zřizovány,1.50
problém,1.50
předběžné,1.50
každé,1.50
všeobecně,1.50
míchačka,1.50
snahu,1.50
státech,1.50
změny,1.50
nemůže,1.50
nabídkách,1.50
stavebníka,1.50
dělat,1.50
železo,1.50
nejistotě,1.50
inventář,1.50
stavebníkem,1.50
dbáno,1.50
nákladu,1.50
vydáni,1.50
lomů,1.50
značné,1.50
stravy,1.50
dělnictvu,1.50
musi,1.50
táborech,1.50
cena,1.50
pozemky,1.50
zasluhovalo,1.50
výsledkem,1.50
nestačily,1.50
vypracovaného,1.50
příjmy,1.50
názoru,1.50
úprava,1.50
dostatečné,1.50
budování,1.50
jiní,1.50
vzdálenost,1.50
dlouhá,1.50
stávající,1.50
obdobné,1.50
372/1938,1.50
ztížené,1.50
naději,1.50
rekreační,1.50
košic,1.50
resoluce,1.50
vládě,1.50
knize,1.50
lom,1.50
stezky,1.50
sever,1.50
budějovice,1.50
evropského,1.50
všichni,1.50
vypracováni,1.50
povděkem,1.50
belgii,1.50
československo,1.50
trasa,1.47
místech,1.46
stavbu,1.45
spojení,1.44
ihned,1.44
vsds,1.44
všechny,1.44
nás,1.44
dále,1.43
nyní,1.43
zpracováni,1.43
práci,1.42
ředitelství,1.40
provozu,1.40
částečně,1.40
říši,1.40
lince,1.40
vede,1.40
celku,1.40
stát,1.40
doby,1.40
lze,1.40
stanice,1.40
strojů,1.40
den,1.40
ing,1.38
zastávek,1.38
mosty,1.38
19 mosty,1.38
60 zastávek,1.38
politické,1.33
nemohly,1.33
nato,1.33
znojmo,1.33
nimiž,1.33
odbočkou,1.33
staveništích,1.33
rámci,1.33
zajištění,1.33
lužné,1.33
železnice,1.33
rozdělena,1.33
dni 31,1.33
srovnáni,1.33
dělají,1.33
budoucnu,1.33
meziříčí,1.33
dříve,1.33
místo,1.33
nato 13,1.33
účelnosti,1.33
kdyby,1.33
výstavba,1.33
března 1939,1.33
zpráv,1.33
provedeno,1.33
11/1,1.33
11/2,1.33
jihlava,1.33
počátku,1.33
činnosti,1.33
20—21,1.33
téměř,1.33
uvádím,1.33
schumandl,1.33
navržené,1.33
viadukty,1.33
hospodárnější,1.33
nedostatek,1.33
případech,1.33
spojené,1.33
dělnictvo,1.33
hospodářsky,1.33
stane,1.33
slov,1.33
budoucnosti,1.33
22—24,1.33
skladiště,1.33
telefon,1.33
místnost,1.33
cestě,1.33
silnici,1.33
autobusy,1.33
musí,1.33
cestmistra,1.33
současně,1.33
obcemi,1.33
března 1935,1.33
60 autobusy,1.33
zastávkami,1.33
předpokládat,1.33
stanoví,1.33
jistě,1.33
styk,1.33
částech,1.33
evropě,1.33
polovině,1.33
zařízením,1.33
míchačky,1.33
2 míchačky,1.33
jim,1.33
dělníkům,1.33
geometrické,1.33
spojů,1.33
dálnicích,1.31
viadukt,1.30
čemž,1.29
tomu,1.29
zastávky,1.29
kteří,1.29
oceli,1.29
moravě,1.27
praze,1.26
neboť,1.25
šířce,1.25
prahou,1.25
noska,1.25
délce,1.25
šířku 1,1.25
dohodnuto,1.25
délce 64,1.25
jednak,1.25
zlína,1.25
nebyly,1.25
humpolec,1.25
zástřizly,1.25
šířce 28,1.25
šířku 28,1.25
šířku 22,1.25
kamene,1.25
ocel,1.25
případně,1.25
roce 1939,1.25
staveniště,1.25
34 parkovišť,1.25
důvodu,1.25
správce,1.25
parkovišť,1.25
77 sb,1.25
81 sb,1.25
203 sb,1.25
doa,1.25
zboží,1.25
stejně,1.25
připadá,1.25
doa 2,1.25
roce,1.25
odpovědnosti,1.25
roce 1940,1.25
dělníků,1.25
600 dělníků,1.25
291 sb,1.25
1927 sb,1.25
1930 sb,1.25
jež,1.23
zvláště,1.22
uvedeného,1.20
nebylo,1.20
důsledku,1.20
jimiž,1.20
ovšem,1.20
praha—jihlava,1.20
záp,1.20
mohla,1.20
druhu,1.20
dílo,1.20
čerpadel,1.20
čerpadel 4,1.20
čerpadel 1,1.20
staveništi,1.20
dálnici,1.19
hranice,1.18
nýbrž,1.18
prahy,1.17
jimž,1.17
listopadu,1.17
javorníky,1.17
terénu,1.17
vzhledem,1.17
listopadu 1938,1.17
úseky,1.17
brně,1.17
americe,1.17
obci,1.17
zejména,1.16
žen,1.14
jde,1.14
kterých,1.14
německu,1.13
praha 16,1.12
praha 2,1.12
praha 9,1.12
praha 835,1.12
praha 19,1.12
praha 24,1.12
praha 31,1.12
praha 22,1.12
praha 17,1.12
praha 5,1.12
praha 23,1.12
praha 4,1.12
praha 28,1.12
praha,1.12
jakož,1.10
čechách,1.09
kromě,1.08
obr,1.08
28 obr,1.08
32 obr,1.08
40 obr,1.08
1060 km,1.06
6 km,1.06
7 km,1.06
15 km,1.06
30 km,1.06
65 km,1.06
1 km,1.06
10 km,1.06
23 km,1.06
32 km,1.06
5 km,1.06
km 3,1.06
327 km,1.06
77 km,1.06
60 km,1.06
3 km,1.06
400 km,1.06
700 km,1.06
50 km,1.06
2000 km,1.06
800 km,1.06
xlv11,1.00
-23,1.00
norimberka,1.00
linec,1.00
vidně,1.00
německo,1.00
vidné,1.00
berlina,1.00
brna,1.00
slovenskem,1.00
kluže,1.00
odkud,1.00
bukurešti,1.00
jasné,1.00
východ,1.00
přinese,1.00
západ,1.00
snažily,1.00
stůj,1.00
republiku,1.00
jednáno,1.00
rumunska,1.00
přístavů,1.00
galaci,1.00
československé,1.00
nutné,1.00
ohledem,1.00
vidět,1.00
zanejen,1.00
úvah,1.00
vynutily,1.00
stalo,1.00
čímž,1.00
kulturních,1.00
gajdoš,1.00
moravu,1.00
slovensko,1.00
šlo,1.00
utužení,1.00
shlíženi,1.00
jichž,1.00
starost,1.00
nezaměstnanosti,1.00
říjnu 1938,1.00
pověřil,1.00
doplněni,1.00
ustáleno,1.00
předse,1.00
zapadat,1.00
berlína,1.00
pokračováni,1.00
-sl,1.00
jihlavy,1.00
vídeň,1.00
zadálnice,1.00
7 m,1.00
brnem,1.00
žilinou,1.00
lam,1.00
pořízené,1.00
podkarpatoruské,1.00
záležel,1.00
programu,1.00
vybudování,1.00
přednesené,1.00
usnesla,1.00
oblastech,1.00
vnitra,1.00
proing,1.00
vavrečka,1.00
pověřen,1.00
zásadách,1.00
způsobu,1.00
projednáni,1.00
podmínkou,1.00
žilinu,1.00
lázeňská,1.00
pováži,1.00
napojena,1.00
rakouska,1.00
náměty,1.00
přiklonila,1.00
paříže,1.00
stáli,1.00
trenčínem,1.00
projektem,1.00
avšak,1.00
prešova,1.00
vyjádřen,1.00
moravskoslezskou,1.00
zřízeno,1.00
přednostou,1.00
prorychle,1.00
měl,1.00
přidělila,1.00
potechniky,1.00
přípravách,1.00
navrhl,1.00
přednostové,1.00
oboru,1.00
oddělení,1.00
všeobecného,1.00
studijního,1.00
pplk,1.00
ant,1.00
projekčního,1.00
odb,1.00
mil,1.00
klement,1.00
právního,1.00
just,1.00
judr,1.00
frant,1.00
soudný,1.00
prac,1.00
gšt,1.00
řop,1.00
často,1.00
noci,1.00
jihlavou,1.00
úřadu,1.00
10 dní,1.00
vynesený,1.00
postupováno,1.00
přenesena,1.00
zkušenosti,1.00
získaných,1.00
okolím,1.00
doprostředkům,1.00
řešena,1.00
úrovni,1.00
směrově,1.00
směřující,1.00
severního,1.00
přihlíženo,1.00
hospodářské,1.00
drážní,1.00
doporučeno,1.00
severu,1.00
sedlcem,1.00
roztoky,1.00
jihu,1.00
chuchle,1.00
soutoku,1.00
berounkou,1.00
čehož,1.00
stanoven,1.00
slavkovu,1.00
chřibům,1.00
vlčák,1.00
brdo,1.00
lužnou,1.00
navrhována,1.00
závislé,1.00
míši,1.00
schválil,1.00
jmenovaní,1.00
zlíně,1.00
streč-,1.00
kralován,1.00
event,1.00
javorníkách,1.00
ústní,1.00
púchov,1.00
výhodu,1.00
šla,1.00
dosahovala,1.00
výšky,1.00
1000 m,1.00
sníh,1.00
žiliny,1.00
ústila,1.00
puchová,1.00
výhodou,1.00
600 m,1.00
zmínil,1.00
snad,1.00
dvousměrná,1.00
rozšířením,1.00
převýšením,1.00
údolích,1.00
proprovést,1.00
patrno,1.00
široké,1.00
0 m,1.00
měly,1.00
zpevněné,1.00
50 m,1.00
bankety,1.00
zpevněny,1.00
pochopitelné,1.00
kameni,1.00
peníze,1.00
matezůstaly,1.00
dvojnásobné,1.00
lacinější,1.00
dne 4,1.00
ráno 5,1.00
schůzce,1.00
10%,1.00
blížící,1.00
lhůty,1.00
pedology,1.00
jiném,1.00
13 vi,1.00
vratislavě,1.00
dohoda,1.00
učiněná,1.00
česko-slovenskem,1.00
německem,1.00
pokut,1.00
ustanoveno,1.00
reichsautobahngesellschaft,1.00
podjezdy,1.00
ujednáno,1.00
slezska,1.00
dohled,1.00
omezeni,1.00
poplatků,1.00
přislíbeno,1.00
zadána,1.00
podtakže,1.00
dělnici,1.00
konečně,1.00
konec,1.00
rozhodnuto,1.00
koruně 28,1.00
5 m,1.00
dálnieích,1.00
prosinci 1938,1.00
přidělený,1.00
povoleni,1.00
dostavby,1.00
samostatný,1.00
str,1.00
jmenoval,1.00
stav,1.00
balátě,1.00
fleká,1.00
nájemních,1.00
smíchově,1.00
nepostačí,1.00
najata,1.00
protakže,1.00
tam,1.00
ředitelství*,1.00
35 gener,1.00
miša**,1.00
studijní,1.00
vrchn,1.00
správni,1.00
intend,1.00
právni,1.00
sociálni,1.00
taj,1.00
kane,1.00
osoby,1.00
uvedeny,1.00
srpna 1939,1.00
ředitele,1.00
budovy,1.00
příslušníků,1.00
vzrostl,1.00
září 1939,1.00
vlil,1.00
prozvláště,1.00
výškové,1.00
nejméně,1.00
možné,1.00
konečný,1.00
předpokládalo,1.00
navl,1.00
valinou,1.00
ředitelstvím,1.00
letištím,1.00
cvičištím,1.00
továrnám,1.00
zastavěným,1.00
vzdálený,1.00
navržen,1.00
paříži,1.00
berlině 25,1.00
mnichově 30,1.00
zajímavosti,1.00
ústily,1.00
některá,1.00
niž,1.00
vznikly,1.00
tehdy,1.00
připraze,1.00
němci,1.00
sloužil,1.00
slivence,1.00
třebonic,1.00
otáčela,1.00
zličina,1.00
vých,1.00
letiště,1.00
ruzyni,1.00
nebušic,1.00
suchdola,1.00
stočila,1.00
čakovic,1.00
obešla,1.00
satalice,1.00
otočila,1.00
štěrbohol,1.00
hostivaře,1.00
jihových,1.00
chodova,1.00
modřan,1.00
překročila,1.00
obce,1.00
vyžádala,1.00
důvody,1.00
hodová,1.00
doubravice,1.00
všechromy,1.00
mnichovice,1.00
1 ivězdonice,1.00
třemošnice,1.00
šternov,1.00
soutice,1.00
borovsko,1.00
loket,1.00
děkanovice,1.00
pišť,1.00
koberovice,1.00
střítež,1.00
jihlava—zastřizlg,1.00
řehořov,1.00
veselce,1.00
slatiny,1.00
1 iolubice,1.00
zástřizel,1.00
hřibu,1.00
řehořova,1.00
veselku,1.00
holubice,1.00
náhradou,1.00
překračuje,1.00
nejvýhodnějši,1.00
meziřička,1.00
vel,1.00
veseverně,1.00
biteše,1.00
domášova,1.00
ostrovačic,1.00
tvořící,1.00
zástřizly-slov,1.00
bunč,1.00
žlutavu,1.00
baťov,1.00
pozůstávalo,1.00
podmínky,1.00
studovala,1.00
uznáváno,1.00
vyskytly,1.00
žádáno,1.00
veden,1.00
nimi,1.00
přimlouvali,1.00
podal,1.00
olomoucké,1.00
přibližně,1.00
ďárce,1.00
tišnova,1.00
řicmanic,1.00
vyškova,1.00
věžek,1.00
kroměříže 16,1.00
otrokovicúm,1.00
napojila,1.00
jedovnice,1.00
jihozáp,1.00
důvod,1.00
rekreaci,1.00
má-li,1.00
vnitrozemský,1.00
připisuje,1.00
blansku,1.00
považuje,1.00
nádraží,1.00
velkotrh,1.00
tržnici,1.00
navázání,1.00
žádalo,1.00
zájemců,1.00
názory,1.00
schválení,1.00
kladen,1.00
aspoň,1.00
přáni,1.00
baťa,1.00
chebu,1.00
poradu,1.00
vypracován,1.00
nejvýhodnější,1.00
proveden,1.00
uloženo,1.00
uvážil,1.00
předvládě,1.00
nahlédnuti,1.00
dne 13,1.00
jaře,1.00
obíral,1.00
elaborátu,1.00
mapě,1.00
nejpřijatelnější,1.00
zjistilo,1.00
29%,1.00
nekromě,1.00
obec,1.00
lostivař,1.00
březnu 1939,1.00
připojením,1.00
podbuši,1.00
moravy,1.00
porady,1.00
todt,1.00
odborný,1.00
kdož,1.00
účastni,1.00
přinášeli,1.00
tvořily,1.00
přinášíme,1.00
dne 31,1.00
eliáše,1.00
čipery,1.00
všímajíce,1.00
vzniku,1.00
letos,1.00
zlepšeno,1.00
udržování,1.00
příjezdy,1.00
nim,1.00
dáváme-li,1.00
doufáme,1.00
souhlasil,1.00
lim,1.00
nebol’,1.00
sudetské,1.00
říšskoněmecké,1.00
přípojku,1.00
viaduktem,1.00
šmejkal-,1.00
senohrab,1.00
slavkov,1.00
řediteli,1.00
přislíbil,1.00
rab,1.00
vrátila,1.00
německa,1.00
rasthaus,1.00
cechách,1.00
5/1,1.00
5/2,1.00
lovosice,1.00
plzeň,1.00
křižovat,1.00
pokračovat,1.00
východě,1.00
zhořelec,1.00
bamberg,1.00
nápoji,1.00
napojením,1.00
uvažuje,1.00
budějovic,1.00
kremži,1.00
hned,1.00
10 hodinách,1.00
provedl,1.00
lorenzem,1.00
zůstane,1.00
ledna 1939,1.00
vzata,1.00
pokračovaly,1.00
dohotoveny,1.00
složenou,1.00
techniků,1.00
geologů,1.00
automobilistů,1.00
žlutavý,1.00
patrný,1.00
hartmann,1.00
nástupcem,1.00
grothe,1.00
beck,1.00
závěr,1.00
včas,1.00
níž,1.00
inu,1.00
kterým,1.00
prvním,1.00
počinnosti,1.00
kettner,1.00
gartner,1.00
zahálka,1.00
zapletal,1.00
petrografie,1.00
získáni,1.00
oblastem,1.00
něm,1.00
hloubka,1.00
zvětrání,1.00
nebezpečná,1.00
rozšíření,1.00
čsn 1171,1.00
písek,1.00
štěrk,1.00
lomy,1.00
štěrkovny,1.00
pískovny,1.00
projektanty,1.00
součinnosti,1.00
stavěna,1.00
nevhodné,1.00
hydrotechnickém,1.00
myslivcem,1.00
nimž,1.00
především,1.00
zářezech,1.00
zrnitost,1.00
vlhkost,1.00
pozorovat,1.00
starají,1.00
odbiraji,1.00
štěrkoven,1.00
pískoven,1.00
odbiraji 2,1.00
6 týdnů,1.00
zjišťuje,1.00
kohesi,1.00
měděných,1.00
15 vzorků,1.00
posudek,1.00
němž,1.00
náspech,1.00
svážení,1.00
shrnuté,1.00
pomůckou,1.00
výzkumný,1.00
tuhnuti,1.00
nasáknuti,1.00
zmrazení,1.00
nasáklivost,1.00
obrus,1.00
otluk,1.00
pevnost,1.00
tlaku,1.00
beton,1.00
pisku,1.00
naplavený,1.00
drcený,1.00
dvouvrstvové,1.00
granulovanou,1.00
rozšířena,1.00
kdy,1.00
pomoci,1.00
zalučněni,1.00
keřů,1.00
semena,1.00
klikou,1.00
okrašlování,1.00
rozhodnutí,1.00
výsledků,1.00
pokynů,1.00
připojení,1.00
komunikace,1.00
realisování,1.00
projednávány,1.00
odpočivek,1.00
komisi,1.00
automobil,1.00
akc,1.00
spol,1.00
přispolupráce,1.00
řeši,1.00
výzkum,1.00
geologických,1.00
poradě,1.00
evidenci,1.00
statistiku,1.00
zúčastněny,1.00
mineralogické,1.00
historické,1.00
předhistorické,1.00
diluviálni,1.00
pravěké,1.00
děje,1.00
nálezy,1.00
odkorporace,1.00
odkteří,1.00
rozšiřována,1.00
přesvědčeno,1.00
užitek,1.00
tab,1.00
známky,1.00
zábradlími,1.00
městech,1.00
nezřídka,1.00
přechodnicich,1.00
nezbývá,1.00
hodnotě 3,1.00
nikoli,1.00
důvodem,1.00
okolnost,1.00
charakteristickým,1.00
zahájili,1.00
vypisován,1.00
navrhování,1.00
upozorňuji,1.00
pracovní,1.00
organisačně,1.00
autor,1.00
úkolů,1.00
zadozor,1.00
včleněných,1.00
samo,1.00
zřejmo,1.00
změnách,1.00
obloucích,1.00
100 propustil,1.00
75 podjezdů,1.00
sáhnouti,1.00
rýsuji,1.00
proskupině,1.00
plány,1.00
rozpočty,1.00
nepočítaje,1.00
vynasnaží,1.00
zlepšovány,1.00
sloupu,1.00
kleneb,1.00
rozsah,1.00
nutnou,1.00
řeky,1.00
podobně,1.00
kalkulací,1.00
podstatě,1.00
nahrazují,1.00
18 m,1.00
propustil,1.00
vodoteči,1.00
cestami,1.00
posunuje,1.00
niže,1.00
15 m,1.00
nejistota,1.00
vytvořeno,1.00
nedokonale,1.00
uvážit,1.00
směr,1.00
podklad,1.00
zadáván,1.00
božkova,1.00
400 m,1.00
ostredku,1.00
rado-,1.00
320 m,1.00
piště,1.00
šmejkalku,1.00
želivku,1.00
vltavu,1.00
roztok,1.00
strž,1.00
dráhu,1.00
jednání,1.00
kyji,1.00
pracuje,1.00
35 m,1.00
nejvyšši,1.00
berounku,1.00
labe,1.00
vraňan,1.00
voleny,1.00
jednotvárný,1.00
studováno,1.00
blanici,1.00
radonic,1.00
posouzeni,1.00
data,1.00
zhruba 1,1.00
vytvořili,1.00
dělníka,1.00
sobě,1.00
přijde,1.00
vlastně,1.00
chřibech,1.00
hodovém,1.00
humpolcem,1.00
podpotřebných,1.00
díly,1.00
rozpisovali,1.00
rozhodnuti,1.00
pocement,1.00
6 m,1.00
rozpisuji,1.00
organisačni,1.00
krajné,1.00
neokolnosti,1.00
přicházejícího,1.00
dalece,1.00
účast,1.00
rozpisu,1.00
velká,1.00
května 1939,1.00
dělnictva,1.00
projektantům,1.00
výkop,1.00
heslem,1.00
sblíženi,1.00
miša,1.00
podjezdů,1.00
dubnu,1.00
ubikace,1.00
sejmuti,1.00
přise,1.00
nevhodný,1.00
způsob,1.00
vybavené,1.00
válcuji,1.00
paul,1.00
hořic,1.00
lozovský,1.00
urban,1.00
malý,1.00
vlk,1.00
velden,1.00
pražák,1.00
mller,1.00
matoušek,1.00
svajcr,1.00
plzeň 14,1.00
bořkovec,1.00
domanský,1.00
synové,1.00
beroun 17,1.00
beroun 12,1.00
želívku,1.00
brázdil,1.00
ješ,1.00
frič,1.00
branberger,1.00
beneš,1.00
přerov 28,1.00
00 prozatím,1.00
částku 330,1.00
ležící,1.00
poodry,1.00
visly,1.00
zvýšil,1.00
spolupracovníci,1.00
stali,1.00
zřetelem,1.00
xii,1.00
východem,1.00
ukládá,1.00
nejde,1.00
harmonické,1.00
vedoucí,1.00
jihlavu,1.00
zlín,1.00
náchod,1.00
začli,1.00
přípravou,1.00
architektů,1.00
póze,1.00
vodocestných,1.00
důlních,1.00
hutních,1.00
právníků,1.00
mnoha,1.00
jikteří,1.00
zúčastňuj,1.00
nepřímo,1.00
založil,1.00
právě,1.00
techniky,1.00
organisace,1.00
člověk,1.00
ovládl,1.00
máme,1.00
ovládnout,1.00
prostředky,1.00
záviseli,1.00
národa,1.00
budována,1.00
prodeji,1.00
vyrábět,1.00
předepodnikat,1.00
želivce,1.00
nerušenou,1.00
klidnou,1.00
samozřejmé,1.00
pamatuji,1.00
odpočivky,1.00
správkárny,1.00
hlásky,1.00
odklízeči,1.00
cestmistrovství,1.00
dálmistrovství,1.00
odpočivárny,1.00
úpraviště,1.00
—15,1.00
určena,1.00
komise,1.00
letovísk,1.00
zřením,1.00
obcích,1.00
spojeného,1.00
6 cestmistrovstvi,1.00
dálmistrovstvi,1.00
38 cestářství,1.00
39 úpravišť,1.00
3 odpočivárny,1.00
jednáni,1.00
příjezdu,1.00
památková,1.00
zásobištích,1.00
cestmistrovstvich,1.00
cestářstvich,1.00
navržena,1.00
zvolena,1.00
vjíždějícím,1.00
vjezdu,1.00
obsahující,1.00
čekárnu,1.00
buffetem,1.00
autobusech,1.00
automobilisty,1.00
služebnu,1.00
pokojík,1.00
správkárnu,1.00
neodebírají,1.00
podsklepena,1.00
vchod,1.00
sklepa,1.00
sklepě,1.00
navrženy,1.00
přístupná,1.00
čekárny,1.00
výhled,1.00
čerpadla,1.00
záchody,1.00
rozdělené,1.00
ženy,1.00
předsíň,1.00
umyvárnu,1.00
přípojce,1.00
každou,1.00
přizpůsobená,1.00
zásobišti,1.00
automobilisté,1.00
výjezdu,1.00
polátky,1.00
vozovce,1.00
refýži,1.00
pásem,1.00
trojúhel,1.00
ostrůvku,1.00
přijíždí,1.00
služebna,1.00
do3,1.00
závadu,1.00
obousměrný,1.00
přičemž,1.00
cestářství,1.00
moto,1.00
vybuduje,1.00
1 pokoji,1.00
kuchyni,1.00
vyřizováni,1.00
dvůr,1.00
vzdáleno,1.00
rozšířen,1.00
takto,1.00
sporákem,1.00
příslušenství,1.00
šatny,1.00
koupelny,1.00
garáže,1.00
dílny,1.00
2 pokoje,1.00
kuchyně,1.00
předáka,1.00
1 pokoj,1.00
hlídače,1.00
zahradník,1.00
zedník,1.00
tesař,1.00
zámečník,1.00
obydli,1.00
začátek,1.00
navrhuje,1.00
uskutečnili,1.00
bodu 1,1.00
odstavec,1.00
bod 2,1.00
bodu 3,1.00
iiio,1.00
úpravišť,1.00
potřebných,1.00
měst,1.00
základem,1.00
kterém,1.00
nařízeni,1.00
zákonem,1.00
dubna 1935,1.00
zdaněni,1.00
pošt,1.00
telegrafů,1.00
zašle,1.00
nepotřebují,1.00
zákonu,1.00
hodinu,1.00
dokonce,1.00
souvislosti,1.00
hromadné,1.00
živnostenské,1.00
ujasněna,1.00
nyni,1.00
chodovem,1.00
odbočeni,1.00
jas,1.00
vedeny,1.00
4 členové,1.00
jasu,1.00
vlašimi,1.00
humpolci,1.00
pelhřimova,1.00
lukavec,1.00
ledeč,1.00
sázavou,1.00
pacov,1.00
poněvadž,1.00
městům,1.00
připojovaly,1.00
předže,1.00
zrušení,1.00
rozporu,1.00
nedopravou,1.00
zaměstnání,1.00
trhy,1.00
škol,1.00
vyplývá,1.00
rozvážecí,1.00
dolokálni,1.00
jména,1.00
výjimkou,1.00
místy,1.00
ležícími,1.00
provozuje,1.00
uvědomit,1.00
podkteré,1.00
politických,1.00
ukazuje,1.00
převažující,1.00
projížděly,1.00
stavěly,1.00
dálkově,1.00
dokomunikaci,1.00
provozována,1.00
rekonstruovat,1.00
stačí,1.00
přizpůsobili,1.00
opačně,1.00
vydálnicovými,1.00
pročást,1.00
pozměňuje,1.00
platností,1.00
teprve,1.00
rozhodnout,1.00
zastávku,1.00
přípojkami,1.00
oddělená,1.00
10 stupňů,1.00
zastavuje,1.00
snadné,1.00
nástupiště,1.00
35 metrů,1.00
sebou,1.00
bálnici,1.00
päestupem,1.00
náslužby,1.00
přivážené,1.00
konve,1.00
mlékem,1.00
ovoce,1.00
zelenina,1.00
navesměs,1.00
vystejně,1.00
umožni,1.00
automobilů,1.00
nálinky,1.00
volena,1.00
vyhrazena,1.00
cestujícím,1.00
využito,1.00
manipulaci,1.00
jízdu,1.00
zastávce,1.00
sjezd,1.00
spojeny,1.00
odpočivkami,1.00
parkovišti,1.00
prozařízení,1.00
nivelety,1.00
dokonalému,1.00
levnému,1.00
doosobni,1.00
poparkovišti,1.00
uveřejněném,1.00
předcházejicím,1.00
22-—24,1.00
divišovem,1.00
loktem,1.00
projednáno,1.00
provedená,1.00
znalosti,1.00
menším,1.00
doplňky,1.00
umístění,1.00
živá,1.00
vývoj,1.00
růst,1.00
přesto,1.00
víme,1.00
vybavit,1.00
odvolávat,1.00
čekáren,1.00
čím,1.00
podnové,1.00
přednostech,1.00
spotřeba,1.00
pohmot,1.00
výhody,1.00
záležely,1.00
úsporách,1.00
čase,1.00
jízda,1.00
fádní,1.00
nezajímavou,1.00
svátečni,1.00
odpočívky,1.00
zastavovali,1.00
došlo,1.00
itálii,1.00
jezer,1.00
tupartii,1.00
jízdě,1.00
zřizuje,1.00
výjezdů,1.00
obyčejně,1.00
odpočinku,1.00
zásadě,1.00
libivost,1.00
příjemnost,1.00
isolovanosti,1.00
umisť’ují,1.00
pramen,1.00
řeka,1.00
rybník,1.00
využije,1.00
stín,1.00
stromořadí,1.00
lese,1.00
vítána,1.00
létě,1.00
opalovali,1.00
slunění,1.00
mech,1.00
dol,1.00
studeného,1.00
kladené,1.00
stejné,1.00
vybudováno,1.00
bavorsku,1.00
posázavi,1.00
jinde,1.00
míněna,1.00
odjezdů,1.00
poploch,1.00
nutných,1.00
rozsáhlost,1.00
záviset,1.00
setká,1.00
silnicí,1.00
vyšší,1.00
udržována,1.00
pečují,1.00
pomoc,1.00
uvědomíme-li,1.00
podřízeno 6,1.00
rozhlasu,1.00
mohou,1.00
řídicí,1.00
nezávisle,1.00
přidělení,1.00
zásobištím,1.00
náledí,1.00
90 úrazů,1.00
nehodách,1.00
dávné,1.00
mistředoevrop-,1.00
pěší,1.00
nákladem,1.00
znojmu,1.00
vitoraz,1.00
netolic,1.00
linci,1.00
prachatická,1.00
prachatic,1.00
pašova,1.00
domažlic,1.00
chain,1.00
bezna,1.00
drážďan,1.00
kladska,1.00
pobyly,1.00
udržovány,1.00
chodit,1.00
zbraně,1.00
med,1.00
obili,1.00
dobytek,1.00
stříbro,1.00
—vývoz,1.00
erfurt,1.00
forchheim,1.00
řezno,1.00
přimost,1.00
pohory,1.00
lesy,1.00
novověku,1.00
jednotlivými,1.00
uspořádáním,1.00
hospodářskou,1.00
západu,1.00
východu,1.00
bohatým,1.00
samozřejmosti,1.00
síla,1.00
vracela,1.00
těžkou,1.00
nevyhovovaly,1.00
nemocnice,1.00
předpokládají,1.00
svátek,1.00
zavést,1.00
cestářstvim,1.00
kterého,1.00
pomýšlí,1.00
umístěné,1.00
sloupcích,1.00
poplatek,1.00
nebudou,1.00
hovorny,1.00
jeví,1.00
upustí,1.00
nejúčelněji,1.00
úsek,1.00
kabel,1.00
spojkách,1.00
uskutečni,1.00
dbát,1.00
přirozené,1.00
slepička,1.00
412%,1.00
propusty,1.00
nadmosty,1.00
hotely,1.00
výroby,1.00
dlažby,1.00
tvarová,1.00
objektu,1.00
úvaze,1.00
poruchám,1.00
dodávkách,1.00
dodávali,1.00
použito,1.00
zpravidla,1.00
příkaz,1.00
měsíčních,1.00
výrobních,1.00
zařídily,1.00
některém,1.00
zasílali,1.00
popřímo,1.00
účtů,1.00
proplacením,1.00
dodavateli,1.00
uplatňuje,1.00
výztuž,1.00
jinak,1.00
zkouši,1.00
vzorcích,1.00
odebraných,1.00
cementárně,1.00
zásob,1.00
vyhrazených,1.00
dodávky,1.00
použitím,1.00
přezkouší,1.00
cementem,1.00
popudem,1.00
měneboť,1.00
podporu,1.00
podpory,1.00
zapracovníků,1.00
kok,1.00
statistice,1.00
udáno,1.00
přece,1.00
závěry,1.00
celoročně,1.00
okrouhle 40,1.00
zvětšení,1.00
pracovníci,1.00
vykonaných,1.00
vyrobí,1.00
srovnáním,1.00
čísly,1.00
některé,1.00
dubna 1939,1.00
§ 3,1.00
vyhl,1.00
vii,1.00
tamíře,1.00
zaprací,1.00
stadia,1.00
začátku,1.00
třetinu,1.00
objasnili,1.00
zásady,1.00
podobě,1.00
vyskytují,1.00
platí,1.00
stejnorodosti,1.00
nejmenši,1.00
schopna,1.00
opotřebování,1.00
vrstvách,1.00
únava,1.00
nepočasí,1.00
otřesů,1.00
okolnosti,1.00
amortisoval,1.00
používán,1.00
otázce,1.00
lidstva,1.00
strojích,1.00
přicházejí,1.00
ohledu,1.00
druh,1.00
technika,1.00
zeminy,1.00
nasypávají,1.00
povahy,1.00
zhutňují,1.00
zavedeno,1.00
rypadly,1.00
nakládá,1.00
vozíky,1.00
násypu,1.00
zhutňuje,1.00
válci,1.00
pojížděním,1.00
naftovými,1.00
táhnou,1.00
stroj,1.00
traktor,1.00
mající,1.00
hrne,1.00
omezena,1.00
výkonnost,1.00
rozvozu,1.00
nádoby,1.00
schopny,1.00
hod,1.00
jezaváděni,1.00
ponejvíce,1.00
příčinou,1.00
nazpracováni,1.00
zbývalo,1.00
rozřešili,1.00
uvažuji,1.00
otřásacim,1.00
dusadly,1.00
dodnes,1.00
otřesy,1.00
prvotřídní,1.00
spojen,1.00
postupuji,1.00
tvrdí,1.00
americké,1.00
nejkratší,1.00
seza,1.00
směs,1.00
promíchává,1.00
jedním,1.00
vpustí,1.00
dutiny,1.00
způsobí,1.00
předchozího,1.00
povědomo,1.00
řídí,1.00
pojímali,1.00
pravda,1.00
tupřekonal,1.00
mnohém,1.00
výkonnosti,1.00
postrojů,1.00
shledáno,1.00
amortisováno,1.00
působiště,1.00
nečinnosti,1.00
účel,1.00
válce,1.00
snažilo,1.00
nákup,1.00
trh,1.00
15 firmám,1.00
dlážděná,1.00
představovalo,1.00
musely,1.00
opatřili,1.00
úvahy,1.00
amortisovati,1.00
propráce,1.00
porezavěl,1.00
ohradách,1.00
prodělky,1.00
nedošlo,1.00
předpokládána,1.00
moci,1.00
rozhodnulo,1.00
zachován,1.00
předepevností,1.00
otřásáním,1.00
vyráběny,1.00
koppel,1.00
používány,1.00
belgických,1.00
řečeno,1.00
vykonané,1.00
zvolen,1.00
systém,1.00
spojena,1.00
rozdělovačem,1.00
přispívá,1.00
soupravy,1.00
rozdělovači,1.00
postaráno,1.00
dokonalé,1.00
úmyslu,1.00
vyvše,1.00
dolak,1.00
hospodárné,1.00
nejdokonaleji,1.00
nejhospodárněji,1.00
učiněné,1.00
odůvodnění,1.00
zapomenuto,1.00
nazemi,1.00
musilo,1.00
citelnému,1.00
míře,1.00
největší,1.00
stala,1.00
cen,1.00
nabídky,1.00
jde-li,1.00
jisto,1.00
nikdo,1.00
podrisiku,1.00
ocitáme,1.00
kterými,1.00
přiměřenost,1.00
posoudit,1.00
nezbylo,1.00
uvažovat,1.00
nedá,1.00
nikoho,1.00
neuznal,1.00
dodá,1.00
podnikateli 43,1.00
xeni,1.00
vyloučeno,1.00
poptávce,1.00
nezdražovala,1.00
ztráta,1.00
jednotlivce,1.00
škodou,1.00
spolu,1.00
pořádek,1.00
rádnou,1.00
poctivou,1.00
spolehlivou,1.00
kapitálově,1.00
materiálně,1.00
placení,1.00
neplaceni,1.00
prospěšné,1.00
podnikatelem,1.00
nezdravý,1.00
nespočíval,1.00
pochopeni,1.00
dát,1.00
zdravý,1.00
přispělo,1.00
nepochybuje,1.00
zvýšena,1.00
1939 došlo,1.00
zdržením,1.00
vyžádají,1.00
dokončení,1.00
zbytek,1.00
provedených,1.00
přirazeno,1.00
nepříjemnosti,1.00
kladu,1.00
mnohonásobně,1.00
vyprůmysl,1.00
vzdálených,1.00
přirozeně,1.00
sníženo,1.00
suledr,1.00
otevřených,1.00
zvýši,1.00
jedinců,1.00
zminil-li,1.00
kraj,1.00
mám,1.00
krajem,1.00
přirozeno,1.00
budováni,1.00
velkorysé,1.00
národohospodářsky,1.00
blahobytu,1.00
sníženi,1.00
skutečnost,1.00
potvrdila,1.00
zaměstnáno,1.00
zaasi 8,1.00
lomu,1.00
nehledě,1.00
nízký,1.00
většina,1.00
barákový,1.00
resp,1.00
wegegeld,1.00
trennungsgeld,1.00
bydli-li,1.00
táboře,1.00
stravu,1.00
nocležné,1.00
dostanou,1.00
domov,1.00
návštěvě,1.00
rodin,1.00
stačilo,1.00
poskytnout,1.00
dostával,1.00
přítomen,1.00
vyplývající,1.00
odloučenosti,1.00
rodiny,1.00
dostal,1.00
úhradu,1.00
zaměstnancům,1.00
docházeli,1.00
společné,1.00
poplatek 1,1.00
zdarma,1.00
ubytováni,1.00
lůžka,1.00
slamníku,1.00
věšáků,1.00
vody,1.00
světla,1.00
otopu,1.00
úklid,1.00
okna,1.00
závětří,1.00
stravovny,1.00
ceny,1.00
vyvěšeny,1.00
prodejnách,1.00
stravovnách,1.00
obědu 3,1.00
rodinám,1.00
skládá,1.00
mzdách,1.00
předvídáno,1.00
prosince 1938,1.00
vyskytující,1.00
madálnic,1.00
nejdůležitějši,1.00
podkladem,1.00
proopatří,1.00
údaje,1.00
zapsaného,1.00
obsahují,1.00
jméno,1.00
provede,1.00
uvádějí,1.00
vebezpečnosti,1.00
pochůzky,1.00
náhradní,1.00
skončena,1.00
polohopisné,1.00
rozdělují,1.00
přírodě,1.00
oznámí,1.00
býv,1.00
čsr,1.00
spojující,1.00
naléhavější,1.00
nemohlo,1.00
brzděn,1.00
úsilí,1.00
vyzákona,1.00
červenci 1927,1.00
clo,1.00
důležité,1.00
omezila,1.00
železnicí,1.00
úzkými,1.00
radikální,1.00
austostrad,1.00
dušek,1.00
valina,1.00
bechyně,1.00
dosáhlo,1.00
páteře,1.00
náklad,1.00
odhadnut,1.00
—dobšiná—košice,1.00
blížícím,1.00
košicemi,1.00
jizda,1.00
20 hodin,1.00
vybudováni,1.00
očekávalo,1.00
000 nezaměstnaných,1.00
vytyčeného,1.00
obhospodařováni,1.00
prováděné,1.00
znemožněn,1.00
příp,1.00
rozdílem,1.00
jednoznačné,1.00
platných,1.00
předkatastrálních,1.00
vyhotoví,1.00
poloho,1.00
polohoplány,1.00
věcné,1.00
obor,1.00
obsahovali,1.00
výpisy,1.00
výtahy,1.00
veliké,1.00
konci,1.00
pojednáni,1.00
snaze,1.00
zapozemky,1.00
lesním,1.00
význačným,1.00
patři,1.00
oni,1.00
úvod,1.00
ipera,1.00
plzně,1.00
odmítaly,1.00
nehospodámé,1.00
naléhavý,1.00
programem,1.00
věděli,1.00
40 milionů,1.00
nezůstal,1.00
propagaci,1.00
návypracovat,1.00
stavět,1.00
jíž,1.00
odborníků,1.00
naléhavým,1.00
plzni,1.00
slovensku,1.00
domnívat,1.00
naznačeno,1.00
pojde,1.00
vlasti,1.00
terezín,1.00
drážďany,1.00
bavor,1.00
jih,1.00
kdybychom,1.00
výstavbou,1.00
„reichsautobahnen,1.00
pohlédneme-li,1.00
mapku,1.00
baťou,1.00
míšu,1.00
vědomost,1.00
holandsku,1.00
pozoruhodné,1.00
účasti,1.00
vedoucích,1.00
vedl,1.00
národohospodářů,1.00
nevedly,1.00
bukurešť’,1.00
budapešť,1.00
frankfurtu,1.00
mag/stra/y,1.00
evrop,1.00
1939,0.00
000,0.00
1910,0.00
1937,0.00
180,0.00
400,0.00
197,0.00
685,0.00
386,0.00
936,0.00
874,0.00
498,0.00
848,0.00
722,0.00
714,0.00
118,0.00
990,0.00
262,0.00
283,0.00
210,0.00
342,0.00
816,0.00
047,0.00
561,0.00
569,0.00
552,0.00
423,0.00
082,0.00
973,0.00
248,0.00
808,0.00
243,0.00
156,0.00
024,0.00
545,0.00
092,0.00
924,0.00
988,0.00
334,0.00
682,0.00
471,0.00
114,0.00
405,0.00
305,0.00
233,0.00
027,0.00
592,0.00
642,0.00
094,0.00
151,0.00
1938,0.00
7 1,0.00
1935,0.00
190 11,0.00
147 25,0.00
529 28,0.00
838 25,0.00
150,0.00
4 2,0.00
1940,0.00
300,0.00
680,0.00
330,0.00
040,0.00
100,0.00
142,0.00
372,0.00
177,0.00
177 1927,0.00
